rule_name,coverage,iou,variable,SMD,median_included,median_excluded
coverage_0.2,0.2,none,log10_pop2020,0.8154416873480494,5.2457581570415215,4.949512132648012
coverage_0.2,0.2,none,log10_bus2020_km2,1.3475776639615649,0.9270684586164852,0.38879793026560316
coverage_0.2,0.2,none,yob,-0.6644377346854868,1975.0,1995.0
coverage_0.2,0.2,none,early_developed_fraction_1990,0.3301983576229757,0.5854763906615624,0.5078919422818585
coverage_0.2,0.2,none,recent_expansion_fraction_since_2000,-0.43761119283030986,0.21828618457823307,0.29472621981786284
coverage_0.2,0.2,none,weighted_development_timing,0.04217233908340968,1998.4645104049794,1998.2384494149399
coverage_0.2,0.2,none,abs_lat,0.7260929113296103,33.091313794708526,23.90689509921745
coverage_0.3,0.3,none,log10_pop2020,0.8844136897148585,5.286502940344507,4.956179999849392
coverage_0.3,0.3,none,log10_bus2020_km2,1.3238517768183802,0.9587044422933275,0.42077402679291775
coverage_0.3,0.3,none,yob,-0.627201875517013,1975.0,1990.0
coverage_0.3,0.3,none,early_developed_fraction_1990,0.21394034744137885,0.5711184145486865,0.5216237443731244
coverage_0.3,0.3,none,recent_expansion_fraction_since_2000,-0.3176807946209888,0.22761713227436742,0.2838964844255548
coverage_0.3,0.3,none,weighted_development_timing,0.09384359322341508,1998.6120670472492,1998.16584314186
coverage_0.3,0.3,none,abs_lat,0.5559165691652703,32.03330566369003,24.787619237452667
coverage_0.4,0.4,none,log10_pop2020,0.9635170402232212,5.324002224383358,4.963511113563093
coverage_0.4,0.4,none,log10_bus2020_km2,1.2952802000694728,0.984917732808768,0.45312744904170904
coverage_0.4,0.4,none,yob,-0.583717865750059,1975.0,1990.0
coverage_0.4,0.4,none,early_developed_fraction_1990,0.10470922229592224,0.5538858962419616,0.5333560515178842
coverage_0.4,0.4,none,recent_expansion_fraction_since_2000,-0.20636335805493175,0.23844272820355694,0.27381093780694
coverage_0.4,0.4,none,weighted_development_timing,0.14243914208013764,1998.7334444846526,1998.1166815093238
coverage_0.4,0.4,none,abs_lat,0.3892430831773077,30.809425597279844,25.41969424306983
coverage_0.5,0.5,none,log10_pop2020,1.0246936699814888,5.364082597979796,4.973269514157188
coverage_0.5,0.5,none,log10_bus2020_km2,1.2774733761622574,1.0224104711200082,0.48283379310394914
coverage_0.5,0.5,none,yob,-0.5588841032303136,1975.0,1985.0
coverage_0.5,0.5,none,early_developed_fraction_1990,0.03975477457593137,0.5398651427800816,0.5382266143763027
coverage_0.5,0.5,none,recent_expansion_fraction_since_2000,-0.1327358727293427,0.24807757541348474,0.26798253401196725
coverage_0.5,0.5,none,weighted_development_timing,0.16071645756226904,1998.8588850788433,1998.1519865051923
coverage_0.5,0.5,none,abs_lat,0.24977143445385988,29.683506546044555,25.979353847450497
coverage_0.6,0.6,none,log10_pop2020,1.0994700473210934,5.400834609633765,4.985474966041467
coverage_0.6,0.6,none,log10_bus2020_km2,1.256384616774777,1.0544984147905478,0.5126351740433734
coverage_0.6,0.6,none,yob,-0.569629115984717,1975.0,1985.0
coverage_0.6,0.6,none,early_developed_fraction_1990,-0.014807131404256818,0.5321737037882304,0.5409487619567648
coverage_0.6,0.6,none,recent_expansion_fraction_since_2000,-0.06049203391688769,0.25848916974535363,0.26367999338170217
coverage_0.6,0.6,none,weighted_development_timing,0.1911482500464933,1998.961473022508,1998.1891061817078
coverage_0.6,0.6,none,abs_lat,0.137679098609643,28.439108632727933,26.301791019895497
coverage_0.7,0.7,none,log10_pop2020,1.1812097513170732,5.482150106320041,4.99968090501409
coverage_0.7,0.7,none,log10_bus2020_km2,1.2591706905088689,1.095291233235181,0.5367217772775337
coverage_0.7,0.7,none,yob,-0.5797305748942568,1975.0,1985.0
coverage_0.7,0.7,none,early_developed_fraction_1990,-0.07284514042659501,0.5238678878080218,0.5414540900402083
coverage_0.7,0.7,none,recent_expansion_fraction_since_2000,-0.012560970247800838,0.2654465225594883,0.2625390548114862
coverage_0.7,0.7,none,weighted_development_timing,0.20236005096566623,1999.0350018830097,1998.2419511479395
coverage_0.7,0.7,none,abs_lat,-0.026254196457862127,26.125483984240788,26.512442685969944
PRIMARY,0.5,0.2,log10_pop2020,0.9782737677853112,5.356014896257844,4.975460739141045
PRIMARY,0.5,0.2,log10_bus2020_km2,1.2415679653867338,1.0123984118315852,0.48641305004753244
PRIMARY,0.5,0.2,yob,-0.5538162002088545,1975.0,1985.0
PRIMARY,0.5,0.2,early_developed_fraction_1990,0.04150560277665557,0.539873938149682,0.5382245419740284
PRIMARY,0.5,0.2,recent_expansion_fraction_since_2000,-0.1368027179924604,0.24710782837617407,0.26803238863749423
PRIMARY,0.5,0.2,weighted_development_timing,0.16707808074328886,1998.88720479845,1998.1485623030655
PRIMARY,0.5,0.2,abs_lat,0.26973164994530724,29.80492981742249,25.963697961596566
S1_looser_coverage_040,0.4,none,log10_pop2020,0.9635170402232212,5.324002224383358,4.963511113563093
S1_looser_coverage_040,0.4,none,log10_bus2020_km2,1.2952802000694728,0.984917732808768,0.45312744904170904
S1_looser_coverage_040,0.4,none,yob,-0.583717865750059,1975.0,1990.0
S1_looser_coverage_040,0.4,none,early_developed_fraction_1990,0.10470922229592224,0.5538858962419616,0.5333560515178842
S1_looser_coverage_040,0.4,none,recent_expansion_fraction_since_2000,-0.20636335805493175,0.23844272820355694,0.27381093780694
S1_looser_coverage_040,0.4,none,weighted_development_timing,0.14243914208013764,1998.7334444846526,1998.1166815093238
S1_looser_coverage_040,0.4,none,abs_lat,0.3892430831773077,30.809425597279844,25.41969424306983
S2_stricter_coverage_060,0.6,none,log10_pop2020,1.0994700473210934,5.400834609633765,4.985474966041467
S2_stricter_coverage_060,0.6,none,log10_bus2020_km2,1.256384616774777,1.0544984147905478,0.5126351740433734
S2_stricter_coverage_060,0.6,none,yob,-0.569629115984717,1975.0,1985.0
S2_stricter_coverage_060,0.6,none,early_developed_fraction_1990,-0.014807131404256818,0.5321737037882304,0.5409487619567648
S2_stricter_coverage_060,0.6,none,recent_expansion_fraction_since_2000,-0.06049203391688769,0.25848916974535363,0.26367999338170217
S2_stricter_coverage_060,0.6,none,weighted_development_timing,0.1911482500464933,1998.961473022508,1998.1891061817078
S2_stricter_coverage_060,0.6,none,abs_lat,0.137679098609643,28.439108632727933,26.301791019895497
S3_drop_iou_floor,0.5,none,log10_pop2020,1.0246936699814888,5.364082597979796,4.973269514157188
S3_drop_iou_floor,0.5,none,log10_bus2020_km2,1.2774733761622574,1.0224104711200082,0.48283379310394914
S3_drop_iou_floor,0.5,none,yob,-0.5588841032303136,1975.0,1985.0
S3_drop_iou_floor,0.5,none,early_developed_fraction_1990,0.03975477457593137,0.5398651427800816,0.5382266143763027
S3_drop_iou_floor,0.5,none,recent_expansion_fraction_since_2000,-0.1327358727293427,0.24807757541348474,0.26798253401196725
S3_drop_iou_floor,0.5,none,weighted_development_timing,0.16071645756226904,1998.8588850788433,1998.1519865051923
S3_drop_iou_floor,0.5,none,abs_lat,0.24977143445385988,29.683506546044555,25.979353847450497
