perm_delta_r2,perm_delta_rmse
-0.008364610029828468,0.002119385674588359
-0.00684279495450546,0.0017348115010777931
-0.007891673714449654,0.0019999192061232463
-0.009126893853351525,0.0023118518419410483
-0.007775845213223276,0.0019706536421714715
-0.0023244541882301295,0.0005903341854251454
-0.007368057260073946,0.0018676000477828025
-0.008059217730637336,0.002042246758840849
-0.009235097147531457,0.002339162573235909
-0.00408910650005434,0.0010377883323412496
-0.007320966760647196,0.001855697555729341
-0.008267456082661773,0.0020948475587538873
-0.0071745378052365805,0.0018186837408625256
-0.007376843317557502,0.0018698207448779591
-0.01132673341302981,0.0028666517749423304
-0.005728309454370528,0.00145288713994568
-0.0047781686553821645,0.001212344908010199
-0.010419896067133005,0.0026380602858408486
-0.015551266638221817,0.003929473281560236
-0.005273788961682291,0.001337840510452104
-0.008840095808139159,0.0022394524792623827
-9.71385303372152e-06,2.469212265210352e-06
-0.00218913125561071,0.0005559958016538857
-0.007660869659046998,0.0019416010128613381
-0.004262509511369528,0.0010817243659037579
-0.00791727301744749,0.0020063868489932912
-0.007430576634795183,0.0018834016435794743
-0.007341711114085658,0.0018609409063684024
-0.010652423049661519,0.0026966897443048143
-0.005879247460967685,0.0014910831313131867
-0.00034881112028528616,8.86543453152977e-05
-0.015543303181262513,0.003927473018888461
-0.006708834452863299,0.001700937136279168
-0.0026330507822617255,0.0006686275519465767
-0.012223872642421307,0.003092642932516654
-0.006398688040949674,0.0016224975472751701
-0.001000167547529296,0.0002541397916997479
9.500855636945804e-05,-2.415167651809158e-05
-0.006060870437985866,0.0015370383009861155
-0.0018499339216655475,0.0004699081885684575
-0.011644619532190759,0.002946745616419222
-0.012763173754071322,0.0032284195740868715
-0.003005658761485064,0.0007631361991487506
-0.006103677724648482,0.0015478686829831223
-0.009039266275015723,0.0022897328041993625
-0.00976560120208314,0.0024730301362178575
-0.016689202505237755,0.004215176119264585
-0.00908691266552586,0.0023017599361727648
-0.012864543262389172,0.0032539345453705404
-0.010595152213363379,0.0026822504169109473
-0.0047140917737036325,0.0011961165536101825
-0.007597739117156999,0.0019256477640072767
-0.004911332618359743,0.0012460679543426778
-0.00951902003819105,0.00241081452867542
-0.006139356635767146,0.0015568952902970667
-0.007297211564650574,0.0018496930807636591
-0.0035197420629792253,0.0008934840936106747
-0.004083790568705448,0.0010364413139304918
-0.005924612288235043,0.0015025621726681426
-0.009021415013055312,0.0022852265893990586
-0.01184367193465441,0.0029968885019301394
-0.007466915902710647,0.0018925859424853697
-0.015141451820978147,0.0038265202222182437
-0.012929674540345992,0.003270327219497715
-0.0038614680916964073,0.0009801014615812842
-0.00582589465369121,0.0014775823116215392
-0.009311851084056966,0.002358534050655059
-0.007150975751242683,0.0018127274158212803
-0.007787102299784077,0.0019734980043490946
-0.012811798435910737,0.003240658779975536
-0.005572534391497519,0.0014134624400340967
-0.0049335278947555405,0.0012516884502251635
-0.012015908205401216,0.003040270046267224
-0.008000090583560326,0.0020273097686231423
-0.013041665536436486,0.0032985119588525014
-0.012413286991630357,0.003140337017671191
-0.010036159019229496,0.002541281856305866
-0.012138403234825512,0.0030711196827802323
-0.005018550418957823,0.0012732177607577277
-0.011253411318328355,0.0028481749532594525
-0.011573569629061642,0.0029288457355539643
-0.004594925237938918,0.0011659338514835582
-0.012174098842205328,0.0030801088646621455
-0.00961041951223196,0.0024338771642569146
-0.008230361770716232,0.0020854781876410433
-0.007073944635826668,0.0017932537275905935
-0.009505075131005514,0.0024072956979181437
-0.006248187103274794,0.001584427388257592
-0.010215341622784702,0.0025864752182016004
-0.005607261366488481,0.0014222518082331326
-0.009905725845319235,0.0025083801594789623
-0.013362831093731597,0.0033793262686439007
-0.012475820256437453,0.0031560812340178934
-0.007357507883505199,0.0018649336477615797
-0.0012629536032104927,0.000320880285020253
-0.005519670478490002,0.0014000821767281013
-0.0064677988367845,0.0016399780812466624
-0.0048155611231816,0.0012218146959048215
-0.01310595508489687,0.0033146906037617163
-0.0019984627181991454,0.0005076072868143156
-0.009100543659559701,0.0023052006567506056
-0.00695663611560271,0.0017635955807449588
-0.010196747933057027,0.002581785813484283
0.00023320066695087238,-5.9284023260164354e-05
-0.01420802327654902,0.00359190610902993
-0.008587756679847902,0.002175738772792646
-0.005641708971280357,0.001430970235827278
-0.011525658523879878,0.002916774754932683
-0.006934819684055626,0.0017580796171924318
-0.005904193593270213,0.0014973955092533187
-0.010321418352678968,0.0026132269288064447
-0.002889224985916816,0.0007336067497218934
-0.007900094812555825,0.002002046803665336
-0.009059646545376276,0.0022948773441878734
-0.00888976896920246,0.0022519931223156098
-0.01036675320658631,0.0026246593578657107
-0.00642657198255514,0.0016295504817842588
-0.005958154917436453,0.0015110494866767965
-0.014068210548215387,0.0035567503218719154
-0.0034503216114269986,0.0008758852825953012
-0.009022173491457286,0.002285418054237043
-0.010957993350843243,0.002773720538692126
-0.011194957165670538,0.002833444041733857
-0.009970497342259299,0.0025247191445416095
-0.0099016946473508,0.0025073632396906964
-0.0018851274946269925,0.00047884129939912423
-0.005996524967876282,0.0015207580176181956
-0.015065063639399634,0.0038073265580701454
-0.007121406461729096,0.0018052523504218376
-0.005700980076559503,0.0014459707618555973
-0.007350196835300915,0.001863085736401593
-0.00485116204669489,0.0012308305145091736
-0.0022798237097971796,0.0005790095365434955
-0.012360549652197683,0.0031270585720570288
-0.003386885977905818,0.0008598028600892982
-0.007336933444708982,0.0018597333082507883
-0.01004796614803849,0.0025442600360578993
-0.012438071319515465,0.0031465771433798473
-0.01747032318909225,0.004411150494622207
-0.004683648399628981,0.001188406068055703
-0.009040717548460253,0.002290099148132607
-0.011399865079889326,0.002885079579494021
-0.0059475866813072376,0.0015083754224320955
-0.009760781686957154,0.0024718142228988826
-0.011643313384808063,0.002946416562340737
-0.004589035412576381,0.0011644419945858187
-0.008365362098831874,0.002119575617087033
-0.010516577736879085,0.002662438911365972
-0.006136824811942998,0.0015562547581940978
-0.008515915617635428,0.002157597198200689
-0.010702886204234319,0.002709412170968206
-0.010546724650696837,0.002670040194005241
-0.005556085315124193,0.0014092991105726926
-0.002753454028006197,0.0006991697261928831
-0.006554555035550025,0.0016619204385985298
-0.003968340332309195,0.0010071856984074645
-0.007483837066557197,0.0018968624691535485
-0.007343268337093423,0.001861334507274881
-0.004917129022462219,0.0012475357833869327
-0.012807567335073933,0.0032395937974040723
-0.004867358376592246,0.0012349321007045222
-0.007544515381030847,0.0019121973894280497
-0.0016324795129915026,0.00041470678988392295
-0.013828204569500735,0.003496392316038821
-0.011740728062887507,0.002970957071505076
-0.010276499309818221,0.0026018989670701376
-0.005540501132414111,0.0014053546406250783
-0.012820304584415076,0.0032427997963001554
-0.008694499774012043,0.002202692094341041
-0.012245250424756438,0.003098026152316413
-0.012382123452777671,0.003132490585559866
-0.010805585855825028,0.002735302592187683
-0.003817023500550798,0.0009688373750872947
-0.004786223561763281,0.0012143848674526225
-0.011882191776839912,0.0030065910776559956
-0.005812307081437429,0.0014741439154160596
-0.013905508094023245,0.0035158342284604682
-0.010045806716571404,0.0025437153522956946
-0.007396103309495361,0.0018746887015888558
-0.006852276818056335,0.0017372090316354893
-0.006654819863362915,0.0016872775716664234
-0.009670579228901799,0.00244905625756775
-0.01083390562875286,0.002742441605214252
-0.004778749797449189,0.0012124920865877464
-0.007479208401315218,0.0018956926609125513
-0.006933067282898331,0.0017576365443442432
-0.014992210588338994,0.0037890201109935795
-0.008598202763572815,0.0021783765738441208
-0.010182139094896958,0.0025781013578791145
-0.005194737919468895,0.0013178272756400045
-0.005211972099838924,0.0013221905313816618
-0.009349138414170177,0.002367944371033548
-0.018040548811493418,0.00455414057535708
-0.007503829005234386,0.0019019150085596848
-0.008182170310941261,0.0020733054739031087
-0.009157374315622469,0.002319545401548384
-0.015805396507510228,0.003993299327674615
-0.01840555960844792,0.004645638534801766
-0.0041336031582452915,0.00104906324570897
-0.007787975369656586,0.001973718604532715
-0.004053640484148691,0.001028801396803558
-0.006078175809364095,0.0015414166588884615
-0.011376851126821075,0.002879280607112289
-0.009027149130232615,0.0022866740659798768
-0.011371049751219275,0.0028778187814624823
-0.01105734842616879,0.002798762948484468
-0.003936646512863962,0.0009991538840480874
-0.006303367600503429,0.0015983861539778932
-0.014187157622718605,0.0035866596959800434
-0.007029390003357894,0.0017819896617767839
-0.004758998762021349,0.0012074899520834736
-0.012067058022293797,0.0030531521704713627
-0.004417439833696024,0.001120974903749905
-0.01430821306446306,0.0036170964449757648
0.008414603895272044,-0.002145995091702546
-0.00943519416085059,0.002389661503985785
-0.009764146528445372,0.0024726631377279262
-0.008185424402044617,0.0020741274411643085
-0.005238623175078505,0.001328937791085838
-0.009120929254341825,0.0023103462992052903
-0.004480413869211608,0.0011369276038864506
-0.009631375085961125,0.0024391646123878563
-0.009113343447128441,0.0023084315323954607
-0.004089598782048953,0.0010379130727451447
-0.016535688446030927,0.0041766475453337
-0.006133598608274338,0.0015554385514821023
-0.006115168690267958,0.0015507758737132171
-0.006997589535266857,0.00177394980026635
-0.0034622139533776464,0.0008789001827512744
-0.014076702812755859,0.003558885800884093
-0.011485155199080888,0.0029065697859050332
-0.0067269387471570186,0.001705515342347974
-0.007539181220902691,0.0019108493430484708
-0.010235792770633467,0.0025916330044628566
-0.0007252398390770187,0.00018430108669459377
-0.005083472798490307,0.0012896563845760656
-0.005626294891913797,0.0014270690778004358
-0.012478558072788304,0.003156770526364594
-0.013466456336021504,0.0034053970862797933
-0.007062186290326955,0.001790281082519496
-0.004658450188831154,0.001182023903950169
-0.011870080642621406,0.0030035404936810117
-0.001792628702104615,0.0004553620037056061
-0.0046629112772270664,0.0011831538105989692
-0.0065888873704414985,0.0016706033603453019
-0.007762763153855712,0.001967348127706159
-0.001527400881252916,0.00038802895731793186
-0.012918034993819605,0.0032673977605248705
-0.010479409121812,0.002653066926592562
-0.0001497421255372,3.806162014424741e-05
-0.010154397480304778,0.002571104606902852
-0.002077674513088934,0.000527710795083014
-0.0071820766302771455,0.0018205894811640921
-0.01350187234915845,0.003414306841794834
-0.0032086728432103584,0.0008146174269701434
-0.00921277831909395,0.002333529440874227
-0.006239514783190181,0.001582233536009725
-0.009059962556562717,0.0022949571134582847
-0.013165514171681547,0.0033296781081081916
-0.015009688173864166,0.003793411954779724
-0.012581864641811213,0.003182778680714371
-0.007134338964426279,0.0018085216856983943
-0.012282867332117364,0.0031074983942760426
-0.003767538938983739,0.0009562954980079086
-0.007108185224999342,0.0018019099896298685
-0.007861390582555305,0.0019922680336623144
-0.012160622778642938,0.003076715232527505
-0.01004123468297835,0.0025425621233519102
-0.006664825611028213,0.0016898079337482885
-0.011567808364280951,0.0029273942349730686
-0.009120973752265171,0.002310357531088103
-0.005693796825326891,0.001444152837497159
-0.0064497733765530585,0.001635418902386665
-0.006988130538460702,0.0017715583188006034
-0.006733158402448591,0.0017070881513668867
-0.012209767672107463,0.003089091058833038
-0.009839491063214911,0.0024916712148971287
-0.001125768752008094,0.0002860407699908918
-0.008242875286204043,0.0020886389114735393
-0.0011276199224855565,0.00028651091859205335
-0.009573190798503717,0.0024244835165883605
-0.004551910912515167,0.0011550384287869475
-0.009191227006646652,0.0023280899333523175
-0.0061129942613058486,0.0015502257496183836
-0.008468268052040706,0.0021455645049874295
-0.004575489077954464,0.0011610107647964107
-0.010161574696966769,0.002572914796876269
-0.008285718933211728,0.0020994603358273634
-0.007469344990474691,0.0018931998551276474
-0.011219181998582628,0.002839548972136452
-0.00992622011122124,0.002513550044256241
-0.008620517403929995,0.0021840113020537566
-0.007666099215537625,0.0019429225004376494
-0.0016196216817423448,0.00041144250287827866
-0.006628940152659579,0.0016807327392038829
-0.009242129027382529,0.002340937355673367
-0.012993197195590334,0.0032863142415240354
-0.003608832750996882,0.0009160681324470454
-0.004839800232165681,0.0012279531986580383
-0.012042346510466984,0.00304692861827055
