response,experiment,r2_m0,r2_m1,delta_r2,rmse_m0,rmse_m1,delta_rmse,mae_m0,mae_m1,delta_mae,n,delta_r2_ci_lo,delta_r2_ci_hi,delta_r2_boot_sd,delta_rmse_ci_lo,delta_rmse_ci_hi,delta_rmse_boot_sd,delta_mae_ci_lo,delta_mae_ci_hi,delta_mae_boot_sd,observed_delta_r2,null_mean,null_q95,percentile_of_observed,partial_spearman,ci_lo,ci_hi,perm_null_q95,perm_p_one_sided_ge,n_pairs,rmse_A0,rmse_A1,delta_rmse_transfer,null_shuffled_H_mean,null_shuffled_H_q05,pct_obs_below_null,morans_I
Summer_day,E1_rf_primary,0.38853804470003284,0.3705460883118784,-0.01799195638815443,0.8418829497732554,0.8541791415996695,0.01229619182641406,0.6297051604763791,0.6414170999809354,0.01171193950455629,2107.0,-0.02979131010714633,-0.005933250213959667,0.006073607570277846,0.003984413231732325,0.020255398377684544,0.004125258689078198,0.005526110716394017,0.017770839748267684,0.003133683930876999,,,,,,,,,,,,,,,,,
Summer_day,E1_ridge,0.16345452165638474,0.17596926225816933,0.01251474060178459,0.9847177622544544,0.9773243057067642,-0.0073934565476901914,0.7285132652403707,0.7290128531836247,0.0004995879432539985,2107.0,-0.016217629649752537,0.042965227058551395,0.015210895716060728,-0.02538082661622576,0.00928079561119881,0.008987915373743183,-0.013598381929564796,0.012672930057246215,0.006813735851877886,,,,,,,,,,,,,,,,,
Summer_day,E1_shuffled_H_null,,,,,,,,,,,,,,,,,,,,-0.01799195638815443,-0.017839288817164425,-0.012002348899001836,47.333333333333336,,,,,,,,,,,,,
Summer_day,E1_pseudoH_from_S,0.38853804470003284,0.3636382468935989,-0.02489979780643392,0.8418829497732554,0.8588533787055409,0.01697042893228551,0.6297051604763791,0.6425444567088879,0.01283929623250879,2107.0,,,,,,,,,,,,,,,,,,,,,,,,,,
Summer_day,E1_strict_Hpre2000,0.38853804470003284,0.38717197254960456,-0.001366072150428277,0.8418829497732554,0.8428228538927103,0.0009399041194548818,0.6297051604763791,0.6301654114958719,0.00046025101949276337,2107.0,-0.011008753979854078,0.006732675196103587,0.00452470533291976,-0.004771095317411103,0.007565810856565932,0.003079023742169229,-0.004401423691262862,0.00621964830610874,0.002677874148906906,,,,,,,,,,,,,,,,,
Summer_day,E1_C2,0.3888233504373807,0.38136946037729835,-0.0074538900600823466,0.8416865172245093,0.8468035530706561,0.005117035846146867,0.6310180157554582,0.6369777831145512,0.005959767359092982,2107.0,-0.018410013265540127,0.0037044465235037773,0.005577972933738986,-0.0025275728177892145,0.012567291748650917,0.0037974704034624924,0.0002874926308668619,0.011639420373389893,0.002892812828723597,,,,,,,,,,,,,,,,,
Summer_day,E1_region_Asia,0.1466077041833198,0.12431276168584715,-0.02229494249747266,1.0014691640222262,1.0144665531781836,0.012997389155957384,0.7818182768962612,0.7971678854189266,0.015349608522665426,1028.0,,,,,,,,,,,,,,,,,,,,,,,,,,
Summer_day,E1_region_Africa,0.30976806728793993,0.23239699260620683,-0.0773710746817331,1.0351473346508133,1.0916237560262392,0.056476421375425856,0.7931379033200846,0.8356109635916296,0.04247306027154496,323.0,,,,,,,,,,,,,,,,,,,,,,,,,,
Summer_day,E1_region_Europe,-0.9067478545910888,-0.6867976268970588,0.21995022769402994,0.9317286611650146,0.876343384679759,-0.0553852764852556,0.7781155926439319,0.7294414278333234,-0.04867416481060849,253.0,,,,,,,,,,,,,,,,,,,,,,,,,,
Summer_day,E1_region_North America,-0.14053348572883384,-0.07101788931628628,0.06951559641254756,1.0846921775848244,1.0511164924232541,-0.03357568516157028,0.8133697476999786,0.7886730992092086,-0.024696648490770023,186.0,,,,,,,,,,,,,,,,,,,,,,,,,,
Summer_day,E1_region_South America,0.15581344847449308,0.13241309637819332,-0.02340035209629976,0.958656022921032,0.9718518916533088,0.013195868732276739,0.7459884446214441,0.7518428303582143,0.005854385736770218,296.0,,,,,,,,,,,,,,,,,,,,,,,,,,
Summer_day,E1_region_Oceania_DESCRIPTIVE_ONLY,-0.8672047461071144,-1.2347459811335484,-0.367541235026434,1.4657343625730384,1.6035163064457247,0.13778194387268639,1.2696267036346383,1.4059960532924873,0.13636934965784908,21.0,,,,,,,,,,,,,,,,,,,,,,,,,,
Summer_day,E2_twin_partial_spearman,,,,,,,,,,,,,,,,,,,,,,,,0.0057228450338066795,-0.04601373471585529,0.058736711956499585,0.036475003148024994,0.6733266733266733,6725.0,,,,,,,
Summer_day,E3_transfer,,,,,,,,,,,,,,0.010433761074698024,0.05500094235094951,,,,,,,,,,,,,,,0.8923385744967542,0.92404958422306,0.031711009726305806,0.043688671749408325,0.030651797707893114,92.0,
Summer_day,Moran_M0_k8,,,,,,,,,,,,,,,,,,,,,,,,,,,,,,,,,,,,0.20990871856296772
Summer_day,Moran_M0_k20,,,,,,,,,,,,,,,,,,,,,,,,,,,,,,,,,,,,0.17116110510738886
Summer_day,Moran_M1_k8,,,,,,,,,,,,,,,,,,,,,,,,,,,,,,,,,,,,0.22914105702666995
Summer_day,Moran_M1_k20,,,,,,,,,,,,,,,,,,,,,,,,,,,,,,,,,,,,0.19085057001645134
