dimension,level,r2_m0,r2_m1,delta_r2,rmse_m0,rmse_m1,delta_rmse,mae_m0,mae_m1,delta_mae,n,delta_r2_ci_lo,delta_r2_ci_hi,note
size_tercile,large,0.3456774424718351,0.33090290181494686,-0.014774540656888213,0.373533602196738,0.37772723784383033,0.004193635647092353,0.2835323995774181,0.2887075047383285,0.005175105160910409,702,-0.04188550012504196,0.009614934598791813,pooled-OOF subset; M0/M1 trained on all folds' training rows
size_tercile,mid,0.31762043544886875,0.3175307421470759,-8.969330179287027e-05,0.32348959249221704,0.32351085184534983,2.1259353132796477e-05,0.24511532345526482,0.2465751787639825,0.0014598553087176724,702,-0.020810554592604755,0.020588237231009048,pooled-OOF subset; M0/M1 trained on all folds' training rows
size_tercile,small,0.27055512469205245,0.2789973769521037,0.008442252260051242,0.2775977268252402,0.2759866589927262,-0.0016110678325140237,0.21052885568379215,0.20992526081543494,-0.0006035948683572046,703,-0.011515523017401877,0.02696708344922111,pooled-OOF subset; M0/M1 trained on all folds' training rows
age,established_YOB<=1975,0.3706051975625103,0.3644345093472169,-0.0061706882152934295,0.34062404713118116,0.3422897409705594,0.0016656938393782572,0.2570664199044234,0.2590144277712408,0.0019480078668173695,1457,-0.02335689805216905,0.0061901422686078044,pooled-OOF subset; M0/M1 trained on all folds' training rows
age,recent_YOB>1975,0.1765772043561079,0.17749532246489086,0.0009181181087829504,0.29491807295223066,0.29475360996669203,-0.00016446298553862704,0.2224103281752375,0.22455673986026978,0.002146411685032268,650,-0.022985307927275316,0.024868909812831137,pooled-OOF subset; M0/M1 trained on all folds' training rows
region,Africa,0.21416925843099233,0.19521167392790528,-0.018957584503087044,0.3329906621203522,0.3369833022737339,0.003992640153381688,0.26097185602735395,0.264535611722252,0.00356375569489803,323,-0.04799407769092588,0.0031131023750317066,pooled-OOF subset; M0/M1 trained on all folds' training rows
region,Asia,0.3961812923045046,0.40319768510077836,0.0070163927962737516,0.3353220002651546,0.3333680813172758,-0.0019539189478787744,0.257361151354787,0.25677549454731685,-0.0005856568074701363,1028,-0.010243546346492749,0.02102856680736074,pooled-OOF subset; M0/M1 trained on all folds' training rows
region,Europe,0.10767402843629281,0.07098676571067342,-0.036687262725619396,0.24966227443133926,0.2547429104112666,0.0050806359799273615,0.17730755616971788,0.18101121269897724,0.003703656529259358,253,-0.08396725164983995,0.02956195916601266,pooled-OOF subset; M0/M1 trained on all folds' training rows
region,North America,0.1727435139330098,0.14996617415490532,-0.022777339778104477,0.37934792234062703,0.3845348658063602,0.005186943465733174,0.2865000973460994,0.29184925044064375,0.005349153094544368,186,-0.0706768784875063,0.02179320431264478,pooled-OOF subset; M0/M1 trained on all folds' training rows
region,Oceania,-0.18372931706404128,-0.15715150990445959,0.02657780715958169,0.3298087717040135,0.3260852190933984,-0.003723552610615133,0.2505241185516403,0.25004379974557955,-0.0004803188060607533,21,-0.1341409614733914,0.24550730352386607,pooled-OOF subset; M0/M1 trained on all folds' training rows; N<30 descriptive
region,South America,0.12076984067548113,0.0986252255594352,-0.02214461511604593,0.3149334957881344,0.318874848619781,0.003941352831646594,0.22581918148039004,0.23177356081583056,0.005954379335440518,296,-0.061049697966504765,0.012796219163704239,pooled-OOF subset; M0/M1 trained on all folds' training rows
