yceo_id,n_ucdb,pop2020_sum,bus2020_sum_km2,buv2020_sum,dominant_city_share_of_built,H_dist_aggregate_vs_dominant,H_agg_h1990,H_dom_h1990,ucdb_coverage_of_cluster
10,11,11332288.42588,465.785409,3700225748,0.8189623496772094,0.0324691906705928,0.9034592859047673,0.9136662154773459,0.6724612294361643
14,6,14553630.28419,1487.86158,13894267853,0.9113238289276883,0.04683187866881687,0.8296936701598276,0.8498500968762467,0.7372177234105712
16,4,9938715.563269999,338.595001,3679130948,0.9553502297572314,0.02563481069287106,0.6738396766820547,0.6853761839349399,0.8292236451796664
23,2,1418251.4029,149.803035,1282321608,0.796261884814283,0.08285572773409092,0.6491909192627506,0.6141893031419786,0.5173714198888021
24,3,2726005.38315,83.066497,1016115460,0.8813091155150072,0.029415458222125095,0.7297601101440452,0.7432458509819129,0.5449793863216743
27,7,11258402.900399998,670.541469,5345431349,0.6862695601604917,0.1027826940861782,0.7091824443150138,0.7552433800982401,0.5822122436097626
28,5,18270291.99648,721.924633,7076971303,0.867246606336537,0.02915293553885313,0.43377572766657485,0.44388847794828057,0.5788879502476837
30,5,10432447.6916,247.622755,3572173010,0.796211511337074,0.05849431639308094,0.7046166698209945,0.7313040406027816,0.5639906863840939
35,3,28000465.69704,715.730611,9293233290,0.9845078080641153,0.008484333612162972,0.35084317638609425,0.35341233487412677,0.7445650600094121
37,9,10127207.871779999,330.786192,3703975513,0.5306700770629507,0.13450446291916118,0.43215857087529214,0.48792076948844687,0.5036836956259868
41,7,14694136.16841,308.205404,4285038240,0.9284229000734847,0.020629789710943664,0.759114661727346,0.7662726746309401,0.6846612445987248
46,8,10070841.563560002,413.674218,4436634808,0.862581382821397,0.048734534019614334,0.8655641406204339,0.8844621635980207,0.5364162634233623
49,7,4374146.2815000005,284.658712,2113930070,0.5316818337883858,0.003281905492313833,0.8703746295318023,0.8727344196580875,0.588806659437291
58,6,4714147.09037,443.456659,3524451032,0.8713493171381151,0.055650690135915365,0.6450309995232251,0.6694586073308963,0.5493462325573679
59,11,4721588.39695,549.20169,4277825778,0.5280876775889018,0.13551976471581142,0.7130042425761655,0.768894151087394,0.6140406941414424
60,9,6563717.59129,686.977438,6132844847,0.7608276008621989,0.13026997782095473,0.8347363934825469,0.8939927889223921,0.5309309618841208
62,3,5784157.445060001,707.294739,5623550512,0.9605602622756112,0.014240214518233426,0.7622859753803428,0.76767105796795,0.8009778404816518
64,10,5166848.125010001,374.084888,3630454205,0.6093529685700643,0.042330899770411934,0.71778040389592,0.7013772382637142,0.5262841477602976
67,4,6207460.8206,465.804191,4249076926,0.8404395528506526,0.007539326979480681,0.7672114633249403,0.7676437284325336,0.9012872598126734
70,5,19939282.489770003,662.052304,8757894639,0.9672953377411704,0.022320551449130855,0.7783875939807922,0.7873672513299564,0.8581608633366125
71,2,13989353.737710001,672.597178,5871718807,0.9925457507643601,0.003113965122718578,0.7582602346273895,0.7593774112480984,0.7366545483916435
77,3,1291877.38536,35.019037,303201576,0.8905746323064223,0.012309325448336385,0.5399039099790208,0.5442593092918712,0.6560490116098892
80,2,3681520.4724999997,185.777689,1546430249,0.9488940084726751,0.006371726530168622,0.564104460358531,0.5656988190874718,0.6168478438915967
83,5,3921028.56178,141.371464,1196512317,0.681872474631797,0.10504728071924553,0.5585739354018432,0.5949508238352295,0.7720266237819517
104,2,3201424.22838,62.124293,688936492,0.9689047728881196,0.01016957229191985,0.675831948703223,0.6805665766732094,0.5951708592707388
106,3,1071594.6686,38.254511,404920009,0.6193638444365424,0.07697382763796966,0.6192951989374534,0.5986482093097332,0.5296975337280029
109,2,4722793.309599999,164.476366,1922380138,0.95014667335245,0.013700818656744976,0.6248002159775344,0.6276956678473419,0.6857081917091099
113,2,1393337.2305400001,211.533077,1991352591,0.940841441076376,0.020433529008709695,0.8375688545389995,0.8465975913817512,0.6212870283796877
117,2,7745537.135,171.144951,2857030764,0.9588565250750517,0.02703616832299309,0.46435012272141174,0.4746312132749577,0.6365793205191271
119,3,3366357.26307,137.008802,1616468093,0.7786941455046078,0.029308704184781195,0.2455045260522751,0.25873662848078666,0.7612674520560074
120,4,3842953.21422,172.896813,1909026797,0.8937158431023249,0.01146453384386531,0.4895382195390727,0.4882438829960436,0.6421127453301487
127,3,1406954.75569,92.797449,1214254120,0.8058977030715575,0.03377657200959501,0.819182583348816,0.8050007213320712,0.5501417531428687
136,3,4243829.49783,194.687173,2424599796,0.7520882744545271,0.09672990422089361,0.4153149267825672,0.4514582309181261,0.5205372853722269
144,5,18594858.77629,604.495625,9141984481,0.907268455416861,0.007392618709442291,0.4972525285025843,0.4946765261454068,0.7532600571267773
145,3,2982800.02527,137.81757,1368890593,0.7840749840531944,0.03597830925197732,0.5314542768385773,0.5453366539665732,0.6595881175615925
156,2,30048972.352,537.184827,5243323411,0.9676987712089642,0.02316311309167814,0.630082033199348,0.6393079661874627,0.7782419810263085
162,3,22923810.395499997,175.956878,2552727316,0.7591093767871921,0.10049819918489497,0.6367604169471568,0.6745146286625111,0.666634331458342
165,2,2524146.97494,111.880703,1139979420,0.9792471539975933,0.0074673597568334854,0.758306443605382,0.7605048646909981,0.7427208377528921
218,2,1847167.7023999998,105.567589,1097835389,0.9265942504379825,0.01996775675476648,0.7896041274562025,0.7974758634428003,0.5090174823566962
223,3,2717385.09523,174.987099,1400762526,0.9331795882849626,0.01466313137312853,0.8910007017145876,0.89685227947422,0.6657524463496314
225,5,1342020.29555,92.442322,664671245,0.7085414405752378,0.04569842404068134,0.7930855847606251,0.8085367311877443,0.7644004468705797
237,3,1065626.34352,163.024701,1270317950,0.8497489346721758,0.059598801673052114,0.879837056103541,0.9037440507680116,0.694011702835638
239,3,4316349.42379,339.193965,3220639600,0.9318311869139535,0.015684276744131812,0.8309329383263054,0.8379325862376431,0.7724208926448298
240,2,1367933.28306,177.958906,1596237622,0.9487314728716078,0.0019369017183049875,0.7543909940646635,0.753197340969418,0.5806041477891617
242,3,1749775.4981,198.748498,1562309365,0.9349230151163205,0.043384300560848264,0.607196025199647,0.6282998836285932,0.7704301353472437
245,2,17818850.591900002,643.895577,6161021897,0.9750760984028316,0.006565233831627165,0.8436680875041948,0.8445728753420376,0.8844029976559812
249,2,1548672.9364,147.283793,1110901144,0.9149909046679698,0.0058898391507225985,0.6648593168699831,0.6675108305240689,0.6532477141270915
251,2,4074843.392,587.599847,4725254683,0.5929783028006813,0.09265341163613551,0.5835884688377054,0.621472651517665,0.7845195052465986
252,2,1151316.53382,139.563494,1072270970,0.9183002254156807,0.010227427181827824,0.6908400415942582,0.6954518165046972,0.7567628578081159
253,2,2437856.01093,290.050283,2459963108,0.9650699978803331,0.008504228772941073,0.727742213580257,0.724241852171815,0.6876573389641971
267,4,1783137.22621,274.210945,2237780883,0.5558020632619168,0.1162569936550129,0.8653273413284068,0.9131987558393722,0.6263247598105429
278,4,2193195.7931999997,83.957034,728258152,0.76076990761727,0.08663233846335164,0.5617279548012618,0.602728019177735,0.5977887409684429
279,3,2246052.5819,144.306314,1219969005,0.7693595167291155,0.009355739002419927,0.6015157313213613,0.6033052516947863,0.5855051962940868
280,3,3346473.0503800004,191.303678,1719847151,0.7671815854998878,0.04529276339011273,0.6588297063478309,0.6749364164025347,0.6595165717895642
282,3,6713942.43186,225.832102,1884868512,0.9750751246162515,0.00884632815180536,0.5997147739429889,0.6030760352259082,0.6492680477144427
285,2,1764979.78186,73.579721,791614662,0.9168915712523563,0.023381036880902612,0.5784069363350807,0.5896549104118654,0.7974154363039799
286,2,391078.7711,20.296389,232206312,0.6572227207509671,0.01982049342660025,0.7569659312304272,0.753428304204255,0.5749770994042073
292,2,1248123.8122,47.286634,382819866,0.8717498268115257,0.024150986927835072,0.5283114463169445,0.5307716501203298,0.6951111286144308
321,3,4418977.362129999,68.127141,628548362,0.9440154108331069,0.06416457483626416,0.5914189471124291,0.6165500944590253,0.6316941229372661
338,2,1030680.4769400001,45.059242,395317325,0.9274049483566545,0.03501378641029798,0.551849385304795,0.5348619527768677,0.6522368456321335
408,2,6347129.7143,133.836031,1570792733,0.9766476861526177,0.0026167006330072603,0.4751038903716444,0.476105168171071,0.647703783265354
427,2,6224062.5846,253.471748,2025260704,0.9871132620271352,0.007439063590480501,0.7288756536290585,0.7307252582682853,0.6852125465257185
430,2,5687559.3484499995,124.72183,1137699153,0.9708275447850628,0.00590752079168809,0.6799342023766007,0.6789364119874148,0.8368992435205872
437,2,4113947.8460999997,181.124584,1337597397,0.9488376299045082,0.04233472955694713,0.7764143712263819,0.795147792546491,0.9340498192037011
439,2,920227.7261000001,55.606887,407015142,0.8888365392581677,0.05134553513783911,0.7526604213611167,0.7743160489863589,0.7911150093733778
468,3,846881.9506,35.205154,423903697,0.5019063685959164,0.15917090192060004,0.4021034249701052,0.34020442123181444,0.5056811920058466
473,2,1870576.3815000001,88.733892,1014486538,0.7901162838659213,0.028662961994766627,0.20716210667283702,0.21184290826714494,0.7385309182108213
514,2,930828.6419,44.981546,550797028,0.8343807258203175,0.030740962795583138,0.542866668033153,0.529727789029737,0.5278172609982972
521,2,603104.4861999999,28.027208,301841295,0.659239978523726,0.1637843377109377,0.23006440741439532,0.16731193133649291,0.6173430549828818
523,2,1015402.3264,60.211497,730792090,0.7296347406874804,0.0890799494944074,0.4221602894211383,0.4582128679516712,0.6050351436867544
524,2,1049888.7148,30.746935,354449343,0.7878764826477826,0.06517940010211183,0.5607773913074587,0.5356442556130627,0.5123369324951551
525,2,917791.1991,61.353478,635126451,0.6156672976224754,0.06304585741025821,0.22235339290789677,0.19467436416116873,0.6066886699057278
526,2,608633.3674,49.722665,532235034,0.6385151721051154,0.030338538069424065,0.4023015660966684,0.3969222212605023,0.6828427623304768
530,2,1550103.228,73.540046,781094285,0.8773335143140922,0.036708653461137206,0.4906832258440524,0.49670735727488774,0.5084357573815182
558,2,5995175.6708,229.170153,3533774189,0.8800389638872388,0.010024264296590186,0.5034978049693932,0.5028335867992462,0.7574571067946603
574,2,3413754.7176,99.169035,1451683013,0.9063475206751785,0.03735375229384259,0.3787220174119875,0.3905811588219343,0.6183517286284933
585,2,1145870.7426,74.978261,572724988,0.9016038128705065,0.016981490045628933,0.3919657459113382,0.38935465832402943,0.8606127547748965
601,2,5105936.933259999,79.168844,575218881,0.9861528355775916,0.006077912325270816,0.6202591009160119,0.6218368856261699,0.5136949187907917
618,3,1858615.7983100002,44.938395,468916596,0.856649352964208,0.06730588268399543,0.5458978897666461,0.5587060540937713,0.6723932870611383
623,2,3281179.93483,77.063968,652350161,0.9795845316451912,0.0010539677777264092,0.49525090636391833,0.49482066466199515,0.6415054207877642
624,2,1740313.9096000001,34.557286,279657264,0.7920879550552667,0.09729535360908124,0.4618558587037188,0.5039976750311719,0.5231495162643891
629,2,2080074.86251,111.9794,1030141690,0.9504934389718109,0.029350431288916505,0.6066942491208205,0.6179450998976518,0.8214851561812302
677,2,1614050.6022800002,39.154689,303131610,0.9174852850957391,0.027287216821695194,0.7031029923389253,0.7101277644203569,0.7972614473915963
761,2,1037454.4907000001,61.025105,736923205,0.8122845015997924,0.020584143472273397,0.728123990937828,0.7203227000533208,0.6289784995298084
801,3,2021572.7208600002,94.090872,1002485064,0.903518441193743,0.01428846679010744,0.7226074278491117,0.7263557417057409,0.5053857779105572
854,2,483730.25818,37.447233,343290077,0.8482392544196791,0.0025490083428146315,0.7897211791322473,0.7899166587253398,0.5618642917523933
882,2,1182846.2063,70.029792,589689393,0.9230892760612512,0.0624575075263903,0.766186111191077,0.7917939321280093,0.7942844474262186
884,2,260297.63079999998,17.702844,131907470,0.583579508467679,0.05707210541182624,0.8268351119176105,0.7987040385278623,0.5650957586119837
887,2,443296.08378,25.054156,199563678,0.7943279749675064,0.035312117854487145,0.822829753275265,0.836627729851898,0.7328917344593175
891,2,495391.97606,28.121482,207198931,0.8072178059463581,0.02163712892142298,0.8452510077527209,0.8517344876981269,0.5470940967174605
896,3,345384.49163,21.940302,158382013,0.4044988077192374,0.008478902328845147,0.8452623395976956,0.8496653342837369,0.7308021375702122
905,2,647164.20298,43.141503,390279732,0.912290028467483,0.07253337323070758,0.7765158761390395,0.8062009835314244,0.5385797718249744
909,2,1137771.6396299999,105.856789,858064170,0.9227547795729946,0.041841022659366775,0.6784150896547599,0.6969581999187591,0.8546371235023263
916,2,893860.5721,40.498173,455571840,0.6037655822152768,0.0990262553061961,0.8259018993276561,0.7831898235041973,0.519686085154978
919,2,573338.7180999999,28.444611,332979593,0.7346607411857381,0.042987196454394125,0.7866696085244407,0.7675415280531943,0.6129773120788076
923,2,676205.5346,35.834084,357671426,0.9497106162948102,0.0429181729098897,0.5392637356099294,0.5536962994545429,0.5844878429910906
975,2,268287.59545,28.572543,212361371,0.679795809564448,0.2860362421959766,0.6215893699066268,0.7434997151645468,0.6815253978423296
1002,2,402153.14866,40.88011,277033740,0.8610969980266687,0.013120567974958907,0.44910593440183993,0.4547251641538174,0.7786067339212531
1004,3,637815.5208,95.439408,772722398,0.7107162169321084,0.09867681457177786,0.7853812232364225,0.8232129031944189,0.511413342721646
1007,3,731100.4224,102.558554,806232021,0.6376946968265562,0.2837053747401652,0.7215256174536158,0.8468355536698908,0.5786502765114898
1009,2,337063.1042,38.983338,279636225,0.6132295033329368,0.12521102290046798,0.5641353749645553,0.5044802432956145,0.6021921327651358
1010,2,468972.7935,60.254889,599707076,0.7450322910726795,0.10222215582430003,0.7467070099490184,0.79740058760793,0.5626905611561895
1022,2,207935.91699,20.331137,183708135,0.6304753147844118,0.1903080709846576,0.6816577449652718,0.763504619964613,0.5354469418829002
1029,2,503149.83150000003,43.236267,376963033,0.6965700577249188,0.07018054687229032,0.6669153699138735,0.7033307236300295,0.7630397711559983
1034,2,1077725.4549,115.327835,911876997,0.7385940523378419,0.07307885245742719,0.6646146093005214,0.6982648354781583,0.6187537218919076
1056,2,365478.02390000003,65.943341,495850057,0.5157641011849855,0.06614230933215837,0.8058544986369435,0.7770084790872468,0.6175597030535256
1089,2,932296.59113,42.919304,359772645,0.9136439863982883,0.029706840156285955,0.6953092482580798,0.7078396828151017,0.5727969013012374
1100,2,2543287.0755,102.005228,1246901483,0.916794549000959,0.001419342601818559,0.6931505804780907,0.6924248900239213,0.5979412360332674
1102,2,689687.797,32.161913,231225580,0.7326871072625561,0.04014636655122141,0.5085633121388022,0.5236800561044505,0.738896898145645
1112,2,2634010.2093999996,172.479831,1748824825,0.9356336799750227,0.029415795346861576,0.7105868047841489,0.7234190913790267,0.8258429752367051
1113,2,434509.3457,21.784448,178825293,0.6298953730661433,0.008048396885712569,0.6637606332737924,0.6662804477185887,0.5504585397983779
1115,2,106750.51159000001,21.249359,151424501,0.5263189350794064,0.11125934554773226,0.5268468098261223,0.5634187057512826,0.5962098515814683
1120,2,1199575.64186,63.258497,549587030,0.8963843070757751,0.017070511007383434,0.7882180001842282,0.7949952105607365,0.5003161753995078
1129,2,128099.65359,5.065918,61338424,0.5215785174572506,0.2394497251256344,0.6285370193516753,0.7310430333871506,0.518408442809849
1140,2,934169.4615,30.729646,232796888,0.9310897691434519,0.0310269425609064,0.6998350713184265,0.7133321652943607,0.6910568518567337
1144,2,335424.7648,13.534163,103614012,0.7124061532286851,0.036406468491289555,0.4786223573633626,0.4718355588638287,0.6519676462005338
1313,2,2381961.0619,89.329953,699309190,0.9400299919557777,0.009303901817265101,0.4804731398436983,0.4824564634503527,0.6698826884149636
1315,2,1147678.98531,34.27194,240608491,0.9295900086192961,0.017080534862257333,0.7121023787973485,0.7029584523962618,0.7059363253514589
1659,2,979559.8006,39.247062,245404858,0.8889554586277056,0.012600775983196094,0.8151449400212428,0.8094643882336182,0.5987743167827922
1716,2,281149.21744,5.677545,33070281,0.6896757313240142,0.1400276465835054,0.6864341894251829,0.7079150029433059,0.5826851988302616
1775,2,230300.24021999998,11.870201,106661237,0.750841371599352,0.13793981199786162,0.2284144977831462,0.3011527002443048,0.5461064363430332
1791,2,436621.8627,14.74831,157895425,0.6451016421542536,0.10090381132719266,0.36435089850972757,0.3985675454866794,0.5380868054230009
1807,2,779164.8643,31.009321,347396237,0.505515873759377,0.21976667332022715,0.4737241102441424,0.4018385394365701,0.5543186911489763
1809,2,617508.6328,24.428,310519339,0.7791361142950712,0.09217674026963756,0.3801063943016211,0.34789983174779326,0.6085197851405494
1816,2,656814.44907,23.802083,331754168,0.9208460032678653,0.031455883857915604,0.4303233040570441,0.42406709209070714,0.5290945076672543
1958,2,251603.19851,13.112598,143293735,0.7255151877606558,0.07890703911611234,0.33801791223981703,0.35570079179985176,0.5260288923223545
1963,2,517758.47284000006,28.747869,266167422,0.8281610369102489,0.03873803471013405,0.6644450411263527,0.6785101478019974,0.6251317754333573
1977,2,438119.2793,26.827071,306785175,0.5653067008321557,0.2280994250700055,0.4322075264944131,0.3429022526951428,0.7912582970023645
2097,2,662226.23595,19.743191,183356111,0.8644190293250974,0.04145742303852418,0.40713327445396236,0.39143937294295983,0.8381921570115535
2112,2,1128494.269,18.272423,213794086,0.8510068423875695,0.03588043257195694,0.24255327276519376,0.25470906446879565,0.6641496545917625
2318,2,277599.3253,8.04366,63176640,0.6108269121270665,0.06572602955902636,0.300803365632063,0.2877108264044985,0.6949331939114676
2436,2,718786.92518,18.138175,153307487,0.8590795931784758,0.011395842327979966,0.328669670460231,0.3348553754119461,0.5947566779247587
2546,2,177230.35439,10.171975,81636645,0.5099083511314174,0.23133166346644568,0.3169052224371373,0.32762709005113966,0.5182040306067076
2992,2,648898.29795,22.331964,235221455,0.8367746338835222,0.0092354275475778,0.782783189154344,0.7869504395637974,0.5812670402913281
3300,2,133926.16474,10.044478,77169894,0.5193629773493456,0.07375689183902014,0.8407099901060066,0.8094825685822344,0.5053944576995826
3371,2,165167.21781,10.062368,71537135,0.6841539685290778,0.02638596745599582,0.8190715147766411,0.8133502338467644,0.6688361552720948
3485,2,871822.68353,29.798275,349830953,0.8414031349130109,0.05964214941179569,0.5038452729226776,0.5255349296568069,0.6132379113608365
3694,2,374992.46504000004,21.031494,157122231,0.876221441995514,0.048391795133084343,0.4740072673867106,0.4980060500603259,0.5466670209557295
3893,2,523448.89691999997,22.578846,143349359,0.8416248554066935,0.04220957075369555,0.26305914837277333,0.2702732811876576,0.7530897001943619
3904,2,1058594.2694,17.212241,206432375,0.8355701619562497,0.0838079076374833,0.7139446862265059,0.7521014932865898,0.870006920000665
3911,2,930074.4892,45.911832,485149760,0.8195900786533633,0.10988845977161077,0.7645141452861215,0.8157492694042836,0.5401469978805851
3946,2,336696.02904000005,16.412172,107967055,0.7543795543941412,0.03948936684879002,0.544117804761003,0.5397954302101599,0.6110884433567912
3972,2,206478.10244000002,17.456906,140606954,0.6152773578548226,0.01799025296409311,0.5084682818364262,0.5087054186362909,0.5103064257263098
3984,2,215556.0847,14.567167,115139673,0.5186707889049395,0.1622891457329082,0.6010634051219431,0.6684273999929059,0.5686338762867039
4053,2,582129.46566,24.011224,193962667,0.8570736335640365,0.030919626793084857,0.5524268983538698,0.5589438111057439,0.5744755858008663
9702,2,473141.14775,12.819882,123667570,0.8774998085005775,0.020198865774958195,0.5023117217459568,0.49410735321674565,0.8415062603787234
