field,dtype,min,max,mean,median,top_values
Annual_nig,float64,-1.897478356313373,3.030545568665015,0.43696367257662583,0.387816325832908,
Annual_day,float64,-5.156624628966926,4.416801448583071,0.5939853591381078,0.621519561181199,
hasPlace,int32,-1.0,20.0,13.107932123125494,15.0,
Winter_nig,float64,-1.732795052286575,3.842951549437154,0.43038624243480994,0.345921245467576,
Winter_day,float64,-4.280550122689274,4.155619500808843,0.2544553376838134,0.261978946985305,
Summer_nig,float64,-2.080752256378183,3.241715658185913,0.487258587364065,0.449226119493891,
Summer_day,float64,-6.262196898824333,5.516612261901102,0.9599633388683385,1.017471409793913,
FeatureCla,str,,,,,"{""Urban area"": 10136}"
Lon,float64,-157.86496735453568,177.98716572092096,25.87262265416302,24.708375799231998,
Code,int32,0.0,11996.0,5773.742304656669,5685.5,
Lat,float64,-49.96876268051177,69.69694429305554,32.47821080662376,38.54128839145597,
FID_1,str,,,,,"{""5374"": 1, ""156"": 1, ""726"": 1, ""5397"": 1, ""5398"": 1}"
