comparison,pearson_r,pearson_p,spearman_r,spearman_p,n
epoch_1975,0.94279793555637,0.0,0.9472784876818912,0.0,4739
epoch_1980,0.944212664481039,0.0,0.9507746229527155,0.0,4739
epoch_1985,0.9396589411948895,0.0,0.9477183014404206,0.0,4739
epoch_1990,0.9237026832911267,0.0,0.9337678777401038,0.0,4739
epoch_1995,0.9133216780848218,0.0,0.924864921564087,0.0,4739
epoch_2000,0.9066098590933196,0.0,0.916228965959422,0.0,4739
epoch_2005,0.8870234187721102,0.0,0.9025653638133839,0.0,4739
epoch_2010,0.8367040918403352,0.0,0.8727312638529426,0.0,4739
epoch_2015,0.7516578066930091,0.0,0.8052232274638622,0.0,4739
descriptor_early_developed_fraction_1990,0.9237026832911267,0.0,0.9337678777401038,0.0,4739
descriptor_mid_period_fraction_2000,0.9066098590933196,0.0,0.916228965959422,0.0,4739
descriptor_recent_expansion_fraction_since_2000,0.9066098590933193,0.0,0.916228965959422,0.0,4739
