field_name,field_description,unit,years,direct_or_derived,caveat,official_source
ID_MTUC_G0,Multi-Temporal Urban Centre identifier,integer ID,static,direct,"0 duplicated IDs (verified). N=11686 records, distinct ID scheme from UCDB's ID_UC_G0 (no shared key).","GHS_UCDB_MTUC_GLOBE_R2024A V1.2 (JRC), data dictionary GHS_UCDB_MTUC_GLOBE_R2024A.pdf"
GC_UCN_MAI_2025/GC_UCN_LIS_2025,Main/list urban centre name(s),text,2025 (naming snapshot),direct,Generated via the same OSM/GISCO/WUP2018 geocoding algorithm as UCDB's name field (per PDF data dictionary) - supports deterministic name-based correspondence.,"GHS_UCDB_MTUC_GLOBE_R2024A V1.2 (JRC), data dictionary GHS_UCDB_MTUC_GLOBE_R2024A.pdf"
GC_CNT_GAD_2025,Country name (GADM v4.1),text,2025,direct,Same source/methodology as UCDB's country field.,"GHS_UCDB_MTUC_GLOBE_R2024A V1.2 (JRC), data dictionary GHS_UCDB_MTUC_GLOBE_R2024A.pdf"
GC_UCB_YOB_2025/GC_UCB_YOD_2025,Year of birth/death of the MTUC entity under DEGURBA criteria,year,1975-2030,direct,"SAME semantics as UCDB's YOB/YOD fields, but computed for the MTUC (dynamic) delineation specifically, not necessarily identical values to the UCDB YOB for the 'same' city.","GHS_UCDB_MTUC_GLOBE_R2024A V1.2 (JRC), data dictionary GHS_UCDB_MTUC_GLOBE_R2024A.pdf"
MT_UCA_KM2_1975,Urban centre area at epoch (TIME-VARYING boundary),km2,1975,direct,Boundary recalculated per epoch based on that epoch's population (official doc: 'not anchored in 2025'). NOT comparable in meaning to UCDB's single 2025-anchored area.,"GHS_UCDB_MTUC_GLOBE_R2024A V1.2 (JRC), data dictionary GHS_UCDB_MTUC_GLOBE_R2024A.pdf"
MT_POP_TOT_1975,"Total population at epoch, within that epoch's dynamic boundary",persons,1975,direct,"Missing (NaN) for epochs before the entity's YOB - structurally meaningful (settlement had not yet qualified), not a data error.","GHS_UCDB_MTUC_GLOBE_R2024A V1.2 (JRC), data dictionary GHS_UCDB_MTUC_GLOBE_R2024A.pdf"
MT_BUS_TOT_1975,"Total built-up surface at epoch, within that epoch's dynamic boundary",m2,1975,direct,"Same missingness mechanism as MT_POP_TOT. Stored as comma-thousands-formatted TEXT in the CSV, parsed to numeric in this execution.","GHS_UCDB_MTUC_GLOBE_R2024A V1.2 (JRC), data dictionary GHS_UCDB_MTUC_GLOBE_R2024A.pdf"
MT_BUV_TOT_1975,"Total built-up volume at epoch, within that epoch's dynamic boundary",m3,1975,direct,Same missingness mechanism.,"GHS_UCDB_MTUC_GLOBE_R2024A V1.2 (JRC), data dictionary GHS_UCDB_MTUC_GLOBE_R2024A.pdf"
MT_UCA_KM2_1980,Urban centre area at epoch (TIME-VARYING boundary),km2,1980,direct,Boundary recalculated per epoch based on that epoch's population (official doc: 'not anchored in 2025'). NOT comparable in meaning to UCDB's single 2025-anchored area.,"GHS_UCDB_MTUC_GLOBE_R2024A V1.2 (JRC), data dictionary GHS_UCDB_MTUC_GLOBE_R2024A.pdf"
MT_POP_TOT_1980,"Total population at epoch, within that epoch's dynamic boundary",persons,1980,direct,"Missing (NaN) for epochs before the entity's YOB - structurally meaningful (settlement had not yet qualified), not a data error.","GHS_UCDB_MTUC_GLOBE_R2024A V1.2 (JRC), data dictionary GHS_UCDB_MTUC_GLOBE_R2024A.pdf"
MT_BUS_TOT_1980,"Total built-up surface at epoch, within that epoch's dynamic boundary",m2,1980,direct,"Same missingness mechanism as MT_POP_TOT. Stored as comma-thousands-formatted TEXT in the CSV, parsed to numeric in this execution.","GHS_UCDB_MTUC_GLOBE_R2024A V1.2 (JRC), data dictionary GHS_UCDB_MTUC_GLOBE_R2024A.pdf"
MT_BUV_TOT_1980,"Total built-up volume at epoch, within that epoch's dynamic boundary",m3,1980,direct,Same missingness mechanism.,"GHS_UCDB_MTUC_GLOBE_R2024A V1.2 (JRC), data dictionary GHS_UCDB_MTUC_GLOBE_R2024A.pdf"
MT_UCA_KM2_1985,Urban centre area at epoch (TIME-VARYING boundary),km2,1985,direct,Boundary recalculated per epoch based on that epoch's population (official doc: 'not anchored in 2025'). NOT comparable in meaning to UCDB's single 2025-anchored area.,"GHS_UCDB_MTUC_GLOBE_R2024A V1.2 (JRC), data dictionary GHS_UCDB_MTUC_GLOBE_R2024A.pdf"
MT_POP_TOT_1985,"Total population at epoch, within that epoch's dynamic boundary",persons,1985,direct,"Missing (NaN) for epochs before the entity's YOB - structurally meaningful (settlement had not yet qualified), not a data error.","GHS_UCDB_MTUC_GLOBE_R2024A V1.2 (JRC), data dictionary GHS_UCDB_MTUC_GLOBE_R2024A.pdf"
MT_BUS_TOT_1985,"Total built-up surface at epoch, within that epoch's dynamic boundary",m2,1985,direct,"Same missingness mechanism as MT_POP_TOT. Stored as comma-thousands-formatted TEXT in the CSV, parsed to numeric in this execution.","GHS_UCDB_MTUC_GLOBE_R2024A V1.2 (JRC), data dictionary GHS_UCDB_MTUC_GLOBE_R2024A.pdf"
MT_BUV_TOT_1985,"Total built-up volume at epoch, within that epoch's dynamic boundary",m3,1985,direct,Same missingness mechanism.,"GHS_UCDB_MTUC_GLOBE_R2024A V1.2 (JRC), data dictionary GHS_UCDB_MTUC_GLOBE_R2024A.pdf"
MT_UCA_KM2_1990,Urban centre area at epoch (TIME-VARYING boundary),km2,1990,direct,Boundary recalculated per epoch based on that epoch's population (official doc: 'not anchored in 2025'). NOT comparable in meaning to UCDB's single 2025-anchored area.,"GHS_UCDB_MTUC_GLOBE_R2024A V1.2 (JRC), data dictionary GHS_UCDB_MTUC_GLOBE_R2024A.pdf"
MT_POP_TOT_1990,"Total population at epoch, within that epoch's dynamic boundary",persons,1990,direct,"Missing (NaN) for epochs before the entity's YOB - structurally meaningful (settlement had not yet qualified), not a data error.","GHS_UCDB_MTUC_GLOBE_R2024A V1.2 (JRC), data dictionary GHS_UCDB_MTUC_GLOBE_R2024A.pdf"
MT_BUS_TOT_1990,"Total built-up surface at epoch, within that epoch's dynamic boundary",m2,1990,direct,"Same missingness mechanism as MT_POP_TOT. Stored as comma-thousands-formatted TEXT in the CSV, parsed to numeric in this execution.","GHS_UCDB_MTUC_GLOBE_R2024A V1.2 (JRC), data dictionary GHS_UCDB_MTUC_GLOBE_R2024A.pdf"
MT_BUV_TOT_1990,"Total built-up volume at epoch, within that epoch's dynamic boundary",m3,1990,direct,Same missingness mechanism.,"GHS_UCDB_MTUC_GLOBE_R2024A V1.2 (JRC), data dictionary GHS_UCDB_MTUC_GLOBE_R2024A.pdf"
MT_UCA_KM2_1995,Urban centre area at epoch (TIME-VARYING boundary),km2,1995,direct,Boundary recalculated per epoch based on that epoch's population (official doc: 'not anchored in 2025'). NOT comparable in meaning to UCDB's single 2025-anchored area.,"GHS_UCDB_MTUC_GLOBE_R2024A V1.2 (JRC), data dictionary GHS_UCDB_MTUC_GLOBE_R2024A.pdf"
MT_POP_TOT_1995,"Total population at epoch, within that epoch's dynamic boundary",persons,1995,direct,"Missing (NaN) for epochs before the entity's YOB - structurally meaningful (settlement had not yet qualified), not a data error.","GHS_UCDB_MTUC_GLOBE_R2024A V1.2 (JRC), data dictionary GHS_UCDB_MTUC_GLOBE_R2024A.pdf"
MT_BUS_TOT_1995,"Total built-up surface at epoch, within that epoch's dynamic boundary",m2,1995,direct,"Same missingness mechanism as MT_POP_TOT. Stored as comma-thousands-formatted TEXT in the CSV, parsed to numeric in this execution.","GHS_UCDB_MTUC_GLOBE_R2024A V1.2 (JRC), data dictionary GHS_UCDB_MTUC_GLOBE_R2024A.pdf"
MT_BUV_TOT_1995,"Total built-up volume at epoch, within that epoch's dynamic boundary",m3,1995,direct,Same missingness mechanism.,"GHS_UCDB_MTUC_GLOBE_R2024A V1.2 (JRC), data dictionary GHS_UCDB_MTUC_GLOBE_R2024A.pdf"
MT_UCA_KM2_2000,Urban centre area at epoch (TIME-VARYING boundary),km2,2000,direct,Boundary recalculated per epoch based on that epoch's population (official doc: 'not anchored in 2025'). NOT comparable in meaning to UCDB's single 2025-anchored area.,"GHS_UCDB_MTUC_GLOBE_R2024A V1.2 (JRC), data dictionary GHS_UCDB_MTUC_GLOBE_R2024A.pdf"
MT_POP_TOT_2000,"Total population at epoch, within that epoch's dynamic boundary",persons,2000,direct,"Missing (NaN) for epochs before the entity's YOB - structurally meaningful (settlement had not yet qualified), not a data error.","GHS_UCDB_MTUC_GLOBE_R2024A V1.2 (JRC), data dictionary GHS_UCDB_MTUC_GLOBE_R2024A.pdf"
MT_BUS_TOT_2000,"Total built-up surface at epoch, within that epoch's dynamic boundary",m2,2000,direct,"Same missingness mechanism as MT_POP_TOT. Stored as comma-thousands-formatted TEXT in the CSV, parsed to numeric in this execution.","GHS_UCDB_MTUC_GLOBE_R2024A V1.2 (JRC), data dictionary GHS_UCDB_MTUC_GLOBE_R2024A.pdf"
MT_BUV_TOT_2000,"Total built-up volume at epoch, within that epoch's dynamic boundary",m3,2000,direct,Same missingness mechanism.,"GHS_UCDB_MTUC_GLOBE_R2024A V1.2 (JRC), data dictionary GHS_UCDB_MTUC_GLOBE_R2024A.pdf"
MT_UCA_KM2_2005,Urban centre area at epoch (TIME-VARYING boundary),km2,2005,direct,Boundary recalculated per epoch based on that epoch's population (official doc: 'not anchored in 2025'). NOT comparable in meaning to UCDB's single 2025-anchored area.,"GHS_UCDB_MTUC_GLOBE_R2024A V1.2 (JRC), data dictionary GHS_UCDB_MTUC_GLOBE_R2024A.pdf"
MT_POP_TOT_2005,"Total population at epoch, within that epoch's dynamic boundary",persons,2005,direct,"Missing (NaN) for epochs before the entity's YOB - structurally meaningful (settlement had not yet qualified), not a data error.","GHS_UCDB_MTUC_GLOBE_R2024A V1.2 (JRC), data dictionary GHS_UCDB_MTUC_GLOBE_R2024A.pdf"
MT_BUS_TOT_2005,"Total built-up surface at epoch, within that epoch's dynamic boundary",m2,2005,direct,"Same missingness mechanism as MT_POP_TOT. Stored as comma-thousands-formatted TEXT in the CSV, parsed to numeric in this execution.","GHS_UCDB_MTUC_GLOBE_R2024A V1.2 (JRC), data dictionary GHS_UCDB_MTUC_GLOBE_R2024A.pdf"
MT_BUV_TOT_2005,"Total built-up volume at epoch, within that epoch's dynamic boundary",m3,2005,direct,Same missingness mechanism.,"GHS_UCDB_MTUC_GLOBE_R2024A V1.2 (JRC), data dictionary GHS_UCDB_MTUC_GLOBE_R2024A.pdf"
MT_UCA_KM2_2010,Urban centre area at epoch (TIME-VARYING boundary),km2,2010,direct,Boundary recalculated per epoch based on that epoch's population (official doc: 'not anchored in 2025'). NOT comparable in meaning to UCDB's single 2025-anchored area.,"GHS_UCDB_MTUC_GLOBE_R2024A V1.2 (JRC), data dictionary GHS_UCDB_MTUC_GLOBE_R2024A.pdf"
MT_POP_TOT_2010,"Total population at epoch, within that epoch's dynamic boundary",persons,2010,direct,"Missing (NaN) for epochs before the entity's YOB - structurally meaningful (settlement had not yet qualified), not a data error.","GHS_UCDB_MTUC_GLOBE_R2024A V1.2 (JRC), data dictionary GHS_UCDB_MTUC_GLOBE_R2024A.pdf"
MT_BUS_TOT_2010,"Total built-up surface at epoch, within that epoch's dynamic boundary",m2,2010,direct,"Same missingness mechanism as MT_POP_TOT. Stored as comma-thousands-formatted TEXT in the CSV, parsed to numeric in this execution.","GHS_UCDB_MTUC_GLOBE_R2024A V1.2 (JRC), data dictionary GHS_UCDB_MTUC_GLOBE_R2024A.pdf"
MT_BUV_TOT_2010,"Total built-up volume at epoch, within that epoch's dynamic boundary",m3,2010,direct,Same missingness mechanism.,"GHS_UCDB_MTUC_GLOBE_R2024A V1.2 (JRC), data dictionary GHS_UCDB_MTUC_GLOBE_R2024A.pdf"
MT_UCA_KM2_2015,Urban centre area at epoch (TIME-VARYING boundary),km2,2015,direct,Boundary recalculated per epoch based on that epoch's population (official doc: 'not anchored in 2025'). NOT comparable in meaning to UCDB's single 2025-anchored area.,"GHS_UCDB_MTUC_GLOBE_R2024A V1.2 (JRC), data dictionary GHS_UCDB_MTUC_GLOBE_R2024A.pdf"
MT_POP_TOT_2015,"Total population at epoch, within that epoch's dynamic boundary",persons,2015,direct,"Missing (NaN) for epochs before the entity's YOB - structurally meaningful (settlement had not yet qualified), not a data error.","GHS_UCDB_MTUC_GLOBE_R2024A V1.2 (JRC), data dictionary GHS_UCDB_MTUC_GLOBE_R2024A.pdf"
MT_BUS_TOT_2015,"Total built-up surface at epoch, within that epoch's dynamic boundary",m2,2015,direct,"Same missingness mechanism as MT_POP_TOT. Stored as comma-thousands-formatted TEXT in the CSV, parsed to numeric in this execution.","GHS_UCDB_MTUC_GLOBE_R2024A V1.2 (JRC), data dictionary GHS_UCDB_MTUC_GLOBE_R2024A.pdf"
MT_BUV_TOT_2015,"Total built-up volume at epoch, within that epoch's dynamic boundary",m3,2015,direct,Same missingness mechanism.,"GHS_UCDB_MTUC_GLOBE_R2024A V1.2 (JRC), data dictionary GHS_UCDB_MTUC_GLOBE_R2024A.pdf"
MT_UCA_KM2_2020,Urban centre area at epoch (TIME-VARYING boundary),km2,2020,direct,Boundary recalculated per epoch based on that epoch's population (official doc: 'not anchored in 2025'). NOT comparable in meaning to UCDB's single 2025-anchored area.,"GHS_UCDB_MTUC_GLOBE_R2024A V1.2 (JRC), data dictionary GHS_UCDB_MTUC_GLOBE_R2024A.pdf"
MT_POP_TOT_2020,"Total population at epoch, within that epoch's dynamic boundary",persons,2020,direct,"Missing (NaN) for epochs before the entity's YOB - structurally meaningful (settlement had not yet qualified), not a data error.","GHS_UCDB_MTUC_GLOBE_R2024A V1.2 (JRC), data dictionary GHS_UCDB_MTUC_GLOBE_R2024A.pdf"
MT_BUS_TOT_2020,"Total built-up surface at epoch, within that epoch's dynamic boundary",m2,2020,direct,"Same missingness mechanism as MT_POP_TOT. Stored as comma-thousands-formatted TEXT in the CSV, parsed to numeric in this execution.","GHS_UCDB_MTUC_GLOBE_R2024A V1.2 (JRC), data dictionary GHS_UCDB_MTUC_GLOBE_R2024A.pdf"
MT_BUV_TOT_2020,"Total built-up volume at epoch, within that epoch's dynamic boundary",m3,2020,direct,Same missingness mechanism.,"GHS_UCDB_MTUC_GLOBE_R2024A V1.2 (JRC), data dictionary GHS_UCDB_MTUC_GLOBE_R2024A.pdf"
"MT_POP_DEN_*, MT_BPC_TOT_*, MT_BUV_SHR_*, MT_BUS_SHT_*",Derived density/per-capita/share indicators per epoch,various,1975-2030,derived,Not used in this execution's primary comparison; noted for completeness.,"GHS_UCDB_MTUC_GLOBE_R2024A V1.2 (JRC), data dictionary GHS_UCDB_MTUC_GLOBE_R2024A.pdf"
MT_*_DIF_*,"Epoch-to-epoch differences (population, density, built-up, volume) between consecutive epochs",various,pairs of consecutive epochs 1975-2030,derived,Pre-computed increments; not used directly (this execution recomputes its own trajectory ratios for consistency with 1005-4's h_i(t) definition).,"GHS_UCDB_MTUC_GLOBE_R2024A V1.2 (JRC), data dictionary GHS_UCDB_MTUC_GLOBE_R2024A.pdf"
2025/2030 epochs (all MT_* fields),"Modelled/projected epochs, same status as in the main UCDB product",n/a,"2025, 2030",derived (projection),"EXCLUDED from H_dynamic in this execution, identically to how 1005-4 excluded them from H_fixed.","GHS_UCDB_MTUC_GLOBE_R2024A V1.2 (JRC), data dictionary GHS_UCDB_MTUC_GLOBE_R2024A.pdf"
Geometry (GeoPackage),Point centroid layer (default) + 12 per-epoch polygon layers (GHSL_UCDB_MTUC_{year}_GLOBE_R2024),"Mollweide (ESRI:54009), metres",1975-2030,direct,"Confirms MTUC genuinely stores a distinct boundary geometry per epoch (not just attribute re-aggregation); not used directly in this execution (attribute-level comparison only, per computational-discipline instruction against raster/fine-scale processing).","GHS_UCDB_MTUC_GLOBE_R2024A V1.2 (JRC), data dictionary GHS_UCDB_MTUC_GLOBE_R2024A.pdf"
