h_definition,target,n_folds,r2_mean,r2_std,aggregate_rmse_mean,aggregate_rmse_std
fixed,1975,6,0.4164492323781593,0.4112924549091313,,
fixed,1980,6,0.39522356753175414,0.409209386495605,,
fixed,1985,6,0.3498913068805221,0.4173465329319993,,
fixed,1990,6,0.2739293249307111,0.4514716200171633,,
fixed,1995,6,0.3417058936926864,0.4163353237657102,,
fixed,2000,6,0.35843093648557894,0.4383151470804328,,
fixed,2005,6,0.3436431154157675,0.4523926674887827,,
fixed,2010,6,0.30663191733151685,0.44632549267857496,,
fixed,2015,6,0.09766645340359725,0.2692542300859031,,
fixed,aggregate_trajectory_rmse,6,,,0.3192011808286725,0.09503798095826295
dynamic,1975,6,0.2733636844338601,0.34319247314917695,,
dynamic,1980,6,0.26815574100279066,0.34841588189599293,,
dynamic,1985,6,0.23657035741061516,0.36227910401945795,,
dynamic,1990,6,0.16228804694486357,0.38006628994738534,,
dynamic,1995,6,0.19121433573944827,0.36438766163944913,,
dynamic,2000,6,0.19642316835774873,0.3910663896158368,,
dynamic,2005,6,0.16237572532448055,0.3798319092506813,,
dynamic,2010,6,0.049188800035451986,0.3202648045739003,,
dynamic,2015,6,-0.11659243709727296,0.3172292296590478,,
dynamic,aggregate_trajectory_rmse,6,,,0.38772362613167743,0.07475795262251785
