dataset_id,official_name,provider,version,DOI_or_persistent_id,official_URL,role_candidate,spatial_resolution,temporal_coverage,temporal_resolution,geographic_coverage,format,CRS,approx_size,download_method,license,citation,city_level_summary_available,requires_large_download,notes,verification_status
ghs-ucdb,GHS-UCDB R2024A (Global Human Settlement Urban Centre Database),"European Commission Joint Research Centre (JRC), Copernicus Human Settlement",R2024A,10.2905/JRC.05RDPR0,data.jrc.ec.europa.eu/dataset/1a338be6-7eaf-480c-9664-3a8ade88cbcd,Urban-centre analysis unit; source of pre-computed S/H attributes,"Vector/table product; underlying delineation rasterized at 1km, Mollweide",Multi-temporal back to 1975 (MTUC variant),~5-year epochs,"Global (11,422 urban centres)","GeoPackage, CSV, XLSX",Mollweide EPSG:54009 (underlying grid),"~1,690 MB (single global GeoPackage)",Direct download from JRC/data.europa.eu catalogue (no bulk raster needed),JRC open data terms,"Melchiorri et al., Scientific Data 11:82 (2024); JRC139768","YES - extensively (471 indicators, ~2600 attributes per urban centre)",NO,Single most important Tier-1 resource found: avoids raw raster download for most S/H/attribute needs. Primary JRC/Copernicus page could not be directly fetched in this session (network restriction); facts synthesized from JRC data catalogue and the companion Scientific Data paper.,VERIFIED_SECONDARY
ghs-built-s,GHS-BUILT-S R2023A (multitemporal built-up surface grid),"JRC, Copernicus Human Settlement",R2023A,UNVERIFIED - DOI CONFLICT (two different strings found: 10.2905/JRC.939FACR vs 10.2905/9F06F36F-...; not resolved without direct primary-page fetch),JRC GHSL data catalogue (GHS-BUILT-S page),H_how / H_when source (built-up surface trajectory),"10m (2018/2020 epoch only, Sentinel-2), 100m, 1km, 3 arcsec, 30 arcsec",1975-2030,5-year intervals,Global,GeoTIFF (tiled + global mosaic),Mollweide EPSG:54009 and WGS84 variants,~1.9 GB per global epoch at 100m (zipped),Full global mosaic/tile download (no native partial-area clipping on JRC server); AOI-level extraction practically requires Google Earth Engine server-side reduction,JRC open data terms,Pesaresi & Politis (GHSL technical documentation),PARTIAL via GHS-UCDB pre-aggregated attributes; full grid needed for any custom city-level feature beyond UCDB's set,YES if fetched as raw global files; NO if accessed via Earth Engine city-AOI reduction,DOI could not be confirmed (conflicting values found); flagged for human/direct-page confirmation before treating as VERIFIED_OFFICIAL.,VERIFIED_SECONDARY (DOI field UNVERIFIED)
ghs-built-v,GHS-BUILT-V R2023A (multitemporal built-up volume grid),"JRC, Copernicus Human Settlement",R2023A,10.2905/AB2F107A-03CD-47A3-85E5-139D8EC63283,JRC GHSL data catalogue (GHS-BUILT-V page),"H_how source (horizontal-vs-vertical growth ratio, with GHS-BUILT-S)","100m, 1km, 3 arcsec, 30 arcsec",1975-2030,5-year intervals,Global,GeoTIFF,Mollweide EPSG:54009 / WGS84,"UNKNOWN (order comparable to GHS-BUILT-S, not separately confirmed)",Same constraints as GHS-BUILT-S (full global mosaic; Earth Engine AOI reduction recommended),JRC open data terms,GHSL technical documentation,PARTIAL via GHS-UCDB,YES raw / NO via Earth Engine,"DOI suffix matches the PID string exactly, higher confidence than GHS-BUILT-S's conflicting DOI.",VERIFIED_SECONDARY
ghs-pop,GHS-POP R2023A (population grid),"JRC, Copernicus Human Settlement",R2023A,10.2905/2FF68A52-5B5B-4A22-8F40-C41DA8332CFE,JRC GHSL data catalogue (GHS-POP page),H_when/S source (population trajectory / present population),"100m, 1km, 3 arcsec, 30 arcsec",1975-2020 (5-yr) + projections to 2025/2030,5-year intervals,Global,GeoTIFF,Mollweide EPSG:54009 / WGS84,~4.8 GB per global epoch at 100m,Full global mosaic (no native partial download); Earth Engine AOI reduction recommended,JRC open data terms,"Schiavina, Freire, Carioli, MacManus (JRC, publication-year metadata inconsistent across listings)",PARTIAL via GHS-UCDB,YES raw / NO via Earth Engine,"Disaggregated from CIESIN GPWv4.11 using GHSL built-up/volume layers as weighting - i.e., GHS-POP is itself partly derived from GHS-BUILT-S/V, a dependency relevant to any S/H double-counting check.",VERIFIED_SECONDARY
ghs-age,GHS-AGE R2025A (global gridded estimates of dominant age of built stock),"JRC, Copernicus Human Settlement",R2025A,UNKNOWN (not resolved in this audit),JRC GHSL data catalogue (GHS-AGE page); data.jrc.ec.europa.eu/dataset/d503bb56-9884-4e4d-bb8f-d86711d9f749,"H_when source (built-stock age distribution) - CAUTION, see notes","100m, 1km",1975-2020,5-year and 10-year interval variants,Global,GeoTIFF,Mollweide EPSG:54009,UNKNOWN,Full global mosaic; Earth Engine reduction recommended,JRC open data terms,"Uhl, Politis, Pesaresi (2025)",UNKNOWN (not confirmed whether pre-aggregated per urban centre in UCDB),YES raw / UNKNOWN via Earth Engine,"CRITICAL IDENTIFIABILITY FINDING: official product documentation defines GHS-AGE as the epoch in which 50% of the BUILT-UP SURFACE OF 2020 was first exceeded, per grid cell - i.e., it is computed relative to the 2020 (present-day) endpoint by definition. This is a real-world, official-product confirmation of risk register item A (mathematical coupling): using GHS-AGE directly as H_when would encode 2020 state into the 'historical' predictor. A safer construction would compute an analogous age-like metric using only pre-reference-epoch GHS-BUILT-S time points, not this official product as-is.",VERIFIED_SECONDARY
ghs-obat,"GHS-OBAT (Global Open Building Attribute data: age, function, height, compactness at footprint level)","JRC, Copernicus Human Settlement",UNKNOWN,UNKNOWN,sciencedirect.com/science/article/pii/S2352340925004780 (Data in Brief paper describing the product),"H_how source (building-level height/compactness, vertical development)",Building-footprint level,UNKNOWN,UNKNOWN,UNKNOWN (described as global in the companion paper abstract),UNKNOWN,UNKNOWN,UNKNOWN,UNKNOWN,UNKNOWN,"Data in Brief, companion to GHS-OBAT product",UNKNOWN,UNKNOWN,"Flagged as present and directly relevant to H_how (vertical/horizontal, compactness) but not deep-audited in this execution; primary product page not directly fetched. Requires follow-up before any reliance on it.",UNVERIFIED
ghs-smod-duc,GHS-SMOD / GHS-DUC R2023A (Degree of Urbanisation grid/classification),"JRC, Copernicus Human Settlement",R2023A,UNKNOWN,JRC GHSL data catalogue (GHS-SMOD/GHS-DUC page),Possible alternative/complementary analysis-unit input,UNKNOWN (built from GHS-POP+GHS-BUILT-S),1975-2030,5-year intervals,Global,UNKNOWN,UNKNOWN,UNKNOWN,UNKNOWN,"JRC open data terms (assumed, not separately confirmed)",UNKNOWN,UNKNOWN,UNKNOWN,"Confirmed to exist; not fully characterized in this audit beyond basic description. Flagged, not deep-audited.",UNVERIFIED
era5-land,ERA5-Land,ECMWF / Copernicus Climate Data Store,N/A (continuously updated),UNKNOWN,cds.climate.copernicus.eu (ERA5-Land dataset page),C source (continuous climate normals),"~9km native, distributed at 0.1 degree",1950-present,Hourly (aggregable to any coarser interval),Global land,NetCDF / CSV (via CDS API),Regular lat/lon grid,Small for city-point/small-area extraction via CDS API; large only if bulk-downloaded globally at full hourly resolution,"Copernicus Climate Data Store (CDS) API, point/small-area subset requests avoid bulk download",Copernicus open license,ECMWF/Copernicus CDS,"NO pre-aggregated city table found, but point-extraction API avoids large download",NO if accessed via CDS API point/small-area extraction,Strong Tier-1/Tier-2 candidate for continuous climate C.,VERIFIED_SECONDARY
worldclim,WorldClim v2.1,WorldClim.org (Fick & Hijmans et al.),2.1,UNKNOWN,worldclim.org,C source (climatology normals),30 arcsec (~1km) to 10 arcmin,Climatology representing 1970-2000,"Monthly climatology (static, not a time series)",Global land,GeoTIFF,WGS84,Low hundreds of MB to ~1GB depending on resolution tier chosen,Direct download of global GeoTIFF tiles from worldclim.org,UNVERIFIED - CONFLICTING CLAIMS FOUND (CC-BY-NC-SA 4.0 vs CC BY 4.0 reported in different secondary sources),"Fick & Hijmans, International Journal of Climatology (2017)","NO (raster only, but small enough for trivial city-point lookup)","NO (small global raster, full download still modest)",LICENSE MUST BE CONFIRMED DIRECTLY AT worldclim.org BEFORE USE - do not assume permissive reuse without this check.,VERIFIED_SECONDARY (license field UNVERIFIED)
chelsa,CHELSA climate data,CHELSA-climate.org (Karger et al.),"Multiple product lines (v1.2 base, W5E5 daily, TraCE21k)",UNKNOWN,chelsa-climate.org,C source (alternative high-resolution climatology),~1km (30 arcsec),Varies by sub-product,Varies (climatology or daily),Global land,GeoTIFF / NetCDF,WGS84,UNKNOWN (order comparable to WorldClim for the base climatology),Direct download from chelsa-climate.org,Varies by sub-product (v1.2 base reported CC BY 4.0; W5E5 reported CC0),"Karger et al., Scientific Data (2017) and related",NO (raster only),NO for city-point extraction,"Resolution comparable to WorldClim; choose one as primary C climatology source to avoid redundancy, not both.",VERIFIED_SECONDARY
srtm,SRTM (Shuttle Radar Topography Mission) DEM,NASA/USGS,SRTM 1 arcsec (released 2015 globally) / 3 arcsec,UNKNOWN,USGS EarthExplorer,C source (elevation/slope),30m (1 arcsec) / 90m (3 arcsec),2000 acquisition (static),N/A (single epoch),60N to 56S only (no polar coverage),GeoTIFF/BIL/DTED,WGS84,UNKNOWN (tile-based; city-point/small-area extraction is small),USGS EarthExplorer tile download,Effectively public domain (no explicit restriction found),NASA/USGS SRTM mission documentation,NO (raster only),NO for city-level extraction,Coverage gap outside 60N-56S is a real limitation for any very-high-latitude cities.,VERIFIED_SECONDARY
merit-dem,MERIT DEM,University of Tokyo (Yamazaki et al.),1.0.3 (or latest),UNKNOWN,University of Tokyo MERIT DEM page (registration-gated),"C source (alternative elevation, better high-latitude coverage than raw SRTM)",~90m (3 arcsec),Static (derived from SRTM/ALOS AW3D blend),N/A,90N to 60S,GeoTIFF-like binary,WGS84,UNKNOWN (tile-based),Registration-gated download from University of Tokyo,Dual CC BY-NC 4.0 / ODbL 1.0,"Yamazaki et al., Geophysical Research Letters (2017)",NO (raster only),NO for city-level extraction,Registration requirement adds minor friction but not a large-download concern.,VERIFIED_SECONDARY
copernicus-dem,Copernicus DEM (COP-DEM GLO-30/GLO-90),ESA/Copernicus,GLO-30 / GLO-90,UNKNOWN,Copernicus Data Space Ecosystem,C source (alternative/primary elevation),30m (GLO-30) / 90m (GLO-90),Static (TanDEM-X derived),N/A,Global (GLO-30 public tier has some gaps; a restricted-access GLO-30-R tier is the only fully complete global version),GeoTIFF/DTED/COG,WGS84,UNKNOWN (tile-based; city-level extraction small),"Copernicus Data Space, AWS S3 mirror, or OpenTopography","Free, with access-tier restrictions on full completeness","ESA/Copernicus, Airbus (TanDEM-X)",NO (raster only),NO for city-level extraction,"Best global DEM coverage/resolution tradeoff of the DEM candidates audited, if the completeness-gap caveat is acceptable.",VERIFIED_SECONDARY
koppen-geiger-1km,Present and future global Koppen-Geiger climate classification maps at 1km resolution,"Beck, Zimmermann, McVicar, Vergopolan, Berg, Wood",2018 release,10.6084/m9.figshare (Figshare record; exact suffix UNKNOWN),Figshare (Beck et al. 2018 dataset record),C source (categorical climate classification),1km,Present (1980-2016) + future projections,Static classification per period,Global,GeoTIFF,WGS84,67.67 MB total (confirmed small),"Direct Figshare download, single file",CC BY 4.0,"Beck et al., Scientific Data 5:180214 (2018)","NO pre-aggregated table, but trivially small for city-point lookup",NO,"Ideal Tier-1 candidate: tiny (67.67 MB), global, single static raster, permissive license, peer-reviewed primary source.",VERIFIED_SECONDARY
modis-lst,"MOD11A2 / MYD11A2 (MODIS Terra/Aqua Land Surface Temperature, 8-day, 1km, Collection 6.1)",NASA LP DAAC,Collection 6.1,10.5067/MODIS/MOD11A2.061,lpdaac.usgs.gov / NASA AppEEARS / Google Earth Engine catalog,"Thermal R source (raw LST, or input to SUHI construction)",1km,Terra from 2000-02-18; Aqua from 2002-07-04; both to present,8-day composite,Global,HDF-EOS / GeoTIFF (via AppEEARS export),Sinusoidal (native tiles) / WGS84 (AppEEARS export),Small for city-AOI extraction via AppEEARS or Earth Engine; large if full global archive were downloaded,NASA AppEEARS area-sampler (server-side AOI extraction) or Google Earth Engine (server-side reduction) - both avoid full-archive download,NASA open data (no restriction),NASA LP DAAC MOD11A2 product documentation,NO pre-aggregated city table for raw LST itself (see global-uhi-dataset entry for a pre-aggregated alternative),NO if accessed via AppEEARS/Earth Engine; YES if raw archive download attempted,No pre-2000 historical LST coverage exists regardless of sensor choice - a hard ceiling on how far back thermal R can be measured.,VERIFIED_SECONDARY
viirs-lst,VIIRS Land Surface Temperature (NASA VNP21IMG; NOAA/OSPO operational multi-satellite product),NASA / NOAA,VNP21IMG; NOAA operational (SNPP/NOAA-20/NOAA-21),UNKNOWN,NASA LP DAAC (VNP21IMG); NOAA OSPO,"Thermal R source (higher resolution, but short record)",375m,NASA VNP21IMG from Oct 2023 only; NOAA operational product longer but exact start UNKNOWN,5-minute/daily,Global,HDF-EOS / NetCDF,Native swath / WGS84 (gridded products),UNKNOWN (city-AOI extraction small),NASA Earthdata / NOAA CLASS,NASA/NOAA open data,NASA LP DAAC / NOAA OSPO product documentation,NO,NO for city-AOI extraction,VNP21IMG's very short record (since Oct 2023) makes it unsuitable as the primary multi-decade thermal R; MODIS (2000-present) is the more defensible backbone despite lower resolution.,VERIFIED_SECONDARY
global-uhi-dataset,"A global urban heat island intensity dataset (Yang, Xu, Chakraborty et al.)",Academic research group (published via Remote Sensing of Environment + Figshare),2024 release,10.6084/m9.figshare.24821538,"Remote Sensing of Environment, vol. 312 (2024); Figshare record","PRE-AGGREGATED thermal R source (urban-rural SUHI contrast, not raw LST)",City-level summary + a 1km gridded layer,>20 years,Monthly,">10,000 cities globally",Tabular (city-level) + GeoTIFF (1km gridded layer),UNKNOWN for gridded layer,"Small (city-level table) to moderate (1km global grid, not yet confirmed)",Figshare direct download,UNKNOWN (not separately confirmed),"Yang, Xu, Chakraborty et al., Remote Sensing of Environment 312 (2024)","YES - this IS a pre-aggregated, already-SUHI-contrast-framed, global, multi-decade, monthly city-level product",NO for the city-level table,"MAJOR FINDING: this product already operationalizes R as an urban-rural contrast (not raw LST) at the exact global, multi-decade, city-level scale the candidate design needs, drastically reducing the data-engineering burden for the thermal arm; it is also significant PRIOR ART and must be explicitly addressed (see prior_art_matrix.csv and Section 11 of the report) - any future design must clarify what it adds beyond using this existing product plus an H-conditional test.",VERIFIED_SECONDARY
glofas-flood-hazard,JRC/CEMS-GloFAS Global River Flood Hazard Maps v2,JRC / Copernicus Emergency Management Service (CEMS),v2,UNKNOWN,JRC data catalogue / Google Earth Engine asset JRC_CEMS_GLOFAS_FloodHazard_v2,Hydrological hazard source (NOT an independent R - see notes),~90m (newer CEMS-Floods) or 1km (older/GEE-resampled),Static hazard maps (not a time series),N/A (10-500yr return periods),Global river networks,GeoTIFF (via Earth Engine or JRC direct download),WGS84,UNKNOWN for direct download; small for city-AOI extraction via Earth Engine,Google Earth Engine asset (recommended) or JRC direct download,JRC/Copernicus open terms,JRC/CEMS-GloFAS technical documentation,NO pre-aggregated city table found,NO via Earth Engine AOI reduction,"Built on MERIT-Hydro DEM + GloFAS v4.0 (ERA5-forced) - this hazard product is itself partly derived from the same DEM/climate data likely used elsewhere in C, a dependency relevant to confounding bookkeeping. HAZARD/EXPOSURE category only, per Section 9 of the report; must not be used as hydrological R if the same overlay is used to construct H_where.",VERIFIED_SECONDARY
aqueduct-floods,WRI Aqueduct Floods,World Resources Institute (WRI),Current (Aqueduct Floods),UNKNOWN,wri.org/aqueduct,Hydrological hazard/exposure source (NOT an independent R),~90m hazard maps / 0.5 degree flood volumes,Hydrology based on 1960-1999; impact overlay uses 2010 GDP/pop/land-use,9 return periods (static),Global,GIS shapefile/raster export,WGS84,UNKNOWN for bulk; small for city-AOI extraction,WRI Aqueduct data portal,CC BY 4.0,WRI Aqueduct Floods methodology documentation,NO pre-aggregated city table found,NO for city-AOI extraction,"Same HAZARD/EXPOSURE caveat as glofas-flood-hazard; impact overlay is also static (2010 socioeconomic snapshot), not a realized/observed time series.",VERIFIED_SECONDARY
global-flood-database,Global Flood Database (Tellman et al.),Academic research group (published in Nature),2021 release,UNKNOWN (Nature 2021 article),Nature.com (Tellman et al. 2021),"CANDIDATE INDEPENDENT hydrological R source (realized/observed inundation, not static hazard overlap)",250m,2000-2018,Event-based (913 discrete observed flood events),"Global but DFO-catalogue-dependent, with documented coverage gaps by country (e.g., <30% of China's DFO-recorded floods captured)",MODIS-based binary flood/no-flood rasters per event,UNKNOWN (likely WGS84/sinusoidal MODIS-derived),UNKNOWN for bulk; small for city-AOI extraction per event,UNKNOWN (likely academic data repository / Earth Engine),UNKNOWN,"Tellman et al., Nature 596, 80-86 (2021)",NO pre-aggregated city-level table found,"UNKNOWN, likely NO for city-AOI extraction","THE ONLY CANDIDATE FOUND FOR A GENUINELY INDEPENDENT (non-circular) GLOBAL HYDROLOGICAL R: reflects actual observed inundation events rather than a static built-up/hazard-zone overlay. However, coverage is uneven (DFO-dependent, documented gaps in some countries) and the time series (2000-2018) is short relative to the multi-decade H window under consideration, and ends in 2018, over 7 years before this audit - currency/continuation of this specific product was not reconfirmed in this execution.",VERIFIED_SECONDARY
