paper,year,journal,DOI_or_URL,spatial_scope,sample_size,history_definition,response,method,main_claim,overlap_with_our_candidate,collision_risk,remaining_gap
"Li, Zhan, Hu, Chakraborty et al. - Divergent urbanization-induced impacts on global surface urban heat island trends since 1980s",2023,"Remote Sensing of Environment, 295:113650",10.1016/j.rse.2023.113650,Global,511 cities,"Trend/rate of impervious-land growth 1985-2020 (continuous growth-rate sensitivity, not a discrete multi-component trajectory)",Daytime SUHI intensity trend (Landsat-reconstructed LST),"Partial least-squares regression of trend-sensitivity on rural vegetation, precipitation, population","Rural vegetation abundance (biome background), not population, is the dominant regulator of urbanization's SUHI-trend sensitivity","Tests how climate/vegetation background MODERATES the urbanization-to-SUHI relationship; close in spirit to C moderating an H-to-R link, but does not set up an explicit S-vs-S+H information-content comparison or twin-city matching",PARTIAL COLLISION,No explicit S-vs-S+H model comparison; no twin/analogue design; no H_when/H_where/H_how decomposition
"Rentschler, Avner, Marconcini, Su, Strano, Vousdoukas, Hallegatte - Global evidence of rapid urban growth in flood zones since 1985",2023,"Nature, 622:87-92",10.1038/s41586-023-06468-9,Global,"All global settlements (DLR dataset, 30m, 1985-2015)","Settlement growth trajectory inside vs outside flood-hazard zones, 1985-2015","None - growth-into-hazard is the outcome itself, not an independent environmental response",Descriptive/trend analysis of settlement-extent change by hazard class and income group,"Settlements in the highest flood-hazard zones grew 122% (1985-2015), outpacing safe-zone growth, concentrated in lower/middle-income countries",Directly confirms global data-feasibility of the H_where candidate 'urbanization relative to flood-prone space' (prompt Section 7 item 9); but ALSO independently confirms this audit's own circularity warning (risk register item B): the exact quantity used here (built-up in flood zone) is the same quantity the governing prompt flags as unusable as an independent hydrological R,PARTIAL COLLISION,"Does not test flood-zone growth as a predictor of a SEPARATE realized hydrological outcome controlling for present state; purely descriptive, no S/C conditioning"
Chen et al. - Increasing global urban exposure to flooding: an analysis of long-term annual dynamics,2022,Science of the Total Environment,sciencedirect.com/science/article/pii/S0048969722001012,Global,100-yr floodplains worldwide,"Urban-exposed-to-flooding (UEF) extent, 1985-2018",UEF extent itself (not a separate response),Trend/accounting analysis by continent,"UEF grew more than 4x from 1985-2018, concentrated in Asia","Same circularity concern as Rentschler et al.: growth-into-hazard treated as the outcome, not as an independent response",PARTIAL COLLISION,Same gap as Rentschler et al. above
Rajib et al. - Urbanizing the floodplain: global changes of imperviousness in flood-prone areas,2022,Environmental Research Letters,10.1088/1748-9326/ac9197,Global,Global floodplains (1/100-yr),"Imperviousness growth within floodplains, 1985-present",Imperviousness/population density in floodplain,Trend analysis,"Urbanized floodplain area has nearly doubled since 1985, concentrated in hazardous zones",Same circularity concern as the two flood-growth papers above,PARTIAL COLLISION,Same gap as above
"Jung, Dyson, Alberti - Urban landscape heterogeneity disaggregates the legacy of redlining on land surface temperature",2025,"Landscape and Urban Planning, 261:105406",10.1016/j.landurbplan.2025.105406,"3 US cities (Boston, NYC, Philadelphia)","3 cities, fine-grained intra-city units",Historical redlining grade (1930s HOLC policy label) as a categorical historical-pathway proxy,Land surface temperature (Landsat/NLCD),"Mixed-effects models + landscape heterogeneity decomposition, controlling for present land cover",Redlining's apparent LST effect fragments once present-day landscape heterogeneity (tree canopy etc.) is accounted for,"CONCEPTUALLY CLOSEST MATCH FOUND: tests historical pathway (H, categorical) -> LST (R) explicitly after controlling present-day land cover (S) - structurally the same logical test as candidate Test A, with categorical H and 3-city US scope instead of a continuous global multi-decade trajectory","PARTIAL COLLISION - close in logic, distant in scope/operationalization",No continuous multi-decade developmental trajectory H; no global scope; no twin-city/analogue design; no incremental out-of-sample model-comparison framing
Legacies of redlining lead to unequal cooling effects of urban tree canopy,2025,Nature Communications,10.1038/s41467-025-59912-x,Multiple US cities,Multi-city US (exact N not confirmed),Historical redlining grade,LST / tree-canopy cooling effect,Mixed-effects / spatial statistical modeling,Tree-canopy cooling effect of present vegetation is modulated by historical redlining legacy,"Same structural overlap as Jung/Dyson/Alberti: H=historical policy, R=LST, with present canopy as an S-like control",PARTIAL COLLISION,US-only; categorical H; no global multi-decade trajectory
Not even past: legacy effects of redlining on heat inequities across spatial scales in Philadelphia,2025/2026,Science of the Total Environment,sciencedirect.com/science/article/pii/S2210670726002507,1 US city (Philadelphia),"1 city, multi-scale analysis units",Historical redlining grade,Intra-urban heat inequity,Multi-scale spatial analysis,Legacy effects persist but vary across spatial aggregation scales,"Same conceptual family as the other redlining-LST papers, narrower single-city scope; the scale-sensitivity finding is itself directly relevant to this audit's MAUP risk (register item L)",RELATED,Single-city; informs MAUP risk rather than colliding with the main question
Zhao et al. - The influence of urban form on surface urban heat island and its planning implications: evidence from 1288 urban clusters in China,2021,Science of the Total Environment,sciencedirect.com/science/article/pii/S2210670721002730,China (national),"1,288 urban clusters","Urban form (shape irregularity, centrality of built-up pattern) - a present/recent-form proxy, not an explicit multi-decade trajectory",Surface urban heat island intensity,Large-N statistical modeling across clusters,Centralized/compact development raises SUHI; shape irregularity lowers it,Large-N (>1000) precedent for form-variable-to-SUHI analysis at sub-global scale; closer to an S-type than an H-type analysis,RELATED,"National, not global; 'form' here is closer to present-state S than to a historical trajectory H"
Enhanced surface urban heat islands due to divergent urban-rural greening trends,2021,Environmental Research Letters,10.1088/1748-9326/ac36f8,Global,Multi-city (N not confirmed),Urban-vs-rural greening trend divergence,Surface urban heat island intensity,Trend analysis,Divergent urban/rural greening trajectories enhance SUHI over time,"Directly relevant to the rural-reference-contamination risk (register item J): shows the rural reference area itself has its own trend/legacy, not just the urban core",RELATED,"Not framed as H vs S; supporting evidence for an identifiability risk, not a collision on the main question"
Surface urban heat island effects intensify more rapidly in lower income countries,2025,npj Urban Sustainability,nature.com/articles/s42949-025-00198-9,Global,Multi-city (N not confirmed),"Development/income trajectory (implicit, not explicit historical urban form)",SUHI intensification trend,Trend analysis by income group,SUHI intensifies faster in lower-income countries,"Directly relevant to development-level confounding risk (register item G): shows income trajectory alone predicts SUHI trend, a strong candidate confound for any H effect",RELATED,Supports a specific identifiability risk; not a direct test of the candidate question
Surface urban heat island across 419 global big cities,~2011,Conference/journal via ResearchGate (venue not independently reconfirmed),researchgate.net/publication/51853365,Global,419 cities,None (cross-sectional),SUHI,Cross-sectional comparison,Establishes feasibility of large-N global SUHI cross-city comparison,"Precedent for large-N global SUHI comparability (supports Section 8/10 feasibility), not a history-effect test",DISTANT,No historical dimension at all
Bastin et al. (authorship not independently reconfirmed) - Understanding climate change from a global analysis of city analogues,2019,PLOS ONE (reported),researchgate.net/publication/328679570,Global,~520 cities,"N/A - matches FUTURE climate of city A to PRESENT climate of city B, not historical-pathway divergence among present-day twins",Future climate (not an environmental response to history),Climate-distance matching / analogue method,"Most cities' future climates resemble another city's present climate, often to the south","Methodological precedent for city-twin/analogue matching, relevant to candidate Tests B/C's matching machinery, but answers a different question (future-climate communication, not history-to-response)",PARTIAL COLLISION (method only),"Analogue-matching machinery itself is not novel; novelty of Test B/C rests on matching on (S,C) and testing against historical divergence D_H, which this body of work does not do"
Barthel et al. (authorship not independently reconfirmed) - Social-ecological memory in urban gardens: retaining the capacity for management of ecosystem services,~2010,Ecology and Society (reported),researchgate.net/publication/223640701,Local (Stockholm),Case study,Social-institutional memory/practice continuity,Ecosystem-service management capacity,Qualitative/case-study,Social-ecological memory sustains ecosystem-service stewardship in urban gardens,"Not a collision on the scientific question, but directly relevant to the terminology audit: shows (social-)ecological memory already has an established, different meaning when applied to urban systems","RELATED (terminology, not hypothesis)","N/A - informs the terminology audit, not the main collision question"
