category,candidate,scientific_value,data_availability,global_consistency,data_burden,circularity_risk,confounding_risk,interpretability,prior_art_collision,recommended_status,reason
analysis_unit,"GHS Urban Centre (UCDB) polygon, fixed at reference epoch","HIGH - standard, comparable, pre-computed multi-epoch attributes available",HIGH,HIGH,LOW (table-level),MEDIUM (if used to retroactively bound historical extent; see risk D),MEDIUM,HIGH,HIGH (this is the default unit in most global urban studies; using it alone is not differentiating),CANDIDATE - PENDING_SCIENTIFIC_DECISION,Most tractable and comparable option; must be paired with an explicit boundary-leakage sensitivity test (risk D) rather than used naively.
analysis_unit,"Fixed 2020 urban footprint (non-UCDB, e.g. built-up mask threshold)",MEDIUM,HIGH,MEDIUM (threshold-sensitive),MEDIUM (requires own delineation from grids),"MEDIUM-HIGH (same future-boundary issue as UCDB, with less methodological transparency)",MEDIUM,MEDIUM,MEDIUM,NOT PREFERRED - PENDING_SCIENTIFIC_DECISION,"Offers no clear advantage over UCDB polygons and adds a bespoke delineation step; UCDB's standardized, documented methodology is preferable if a fixed unit is used at all."
analysis_unit,Time-varying/dynamic urban footprint (boundary redefined at each historical epoch),HIGH - directly addresses boundary-leakage risk D,MEDIUM (derivable from GHS-BUILT-S/SMOD epochs but requires processing),MEDIUM,"MEDIUM (epoch-by-epoch delineation, still city-level, not full-resolution pixel analysis if done via GHSL grid summaries)",LOW,MEDIUM,MEDIUM (requires care defining 'the same city' across changing boundaries),LOW-MEDIUM (less commonly used than static UCDB polygons),STRONG CANDIDATE for sensitivity/robustness arm - PENDING_SCIENTIFIC_DECISION,Best addresses the explicitly flagged boundary-leakage concern; recommended as at least a required robustness check alongside a fixed-unit primary analysis.
analysis_unit,Regular global grid cells (e.g. fixed-size lat/lon or equal-area grid),MEDIUM,HIGH,HIGH (no boundary-definition ambiguity),HIGH if used at fine resolution globally; LOW-MEDIUM if restricted to grid cells intersecting known urban centres,LOW,LOW-MEDIUM,LOW for 'city-level' science (grid cells do not correspond to a scientifically meaningful urban unit; a city spans many cells or a cell spans parts of several cities),"MEDIUM (common in pixel-level climate studies, less common framed as 'urban-twin' city science)",NOT PREFERRED AS PRIMARY UNIT - PENDING_SCIENTIFIC_DECISION,"Removes boundary-leakage risk but at the cost of the city-level interpretability the candidate science question requires; best reserved for Tier-3 pixel-level validation, not the primary analysis unit."
H_when,Urbanization onset year / decade of first qualifying urban-centre status,MEDIUM-HIGH,HIGH (derivable from GHS-UCDB/SMOD multi-epoch class history),HIGH,LOW (table-level),LOW,"HIGH (strongly confounded with climate/region of early industrialization, see risk F)",HIGH,MEDIUM (used in some global urbanization-timing studies),STRONG CANDIDATE - PENDING_SCIENTIFIC_DECISION,"Simple, interpretable, globally available, but requires explicit climate-stratified or matched analysis given high confounding risk."
H_when,Decade of fastest/majority built-up growth,MEDIUM,HIGH (derivable from GHS-BUILT-S epoch differences),HIGH,LOW,LOW-MEDIUM (depends on growth-rate normalization choice),MEDIUM-HIGH,MEDIUM,MEDIUM,POSSIBLE - PENDING_SCIENTIFIC_DECISION,"Captures a distinct aspect of timing (tempo, not just onset); should be tested for collinearity against onset-year before including both."
H_when,"Built-stock age distribution (full age-class shares, not single onset date)",HIGH (richest timing information),MEDIUM (depends on confirming a GHSL built-up age product's exact epoch resolution),MEDIUM (PENDING dataset-audit confirmation),LOW-MEDIUM (table-level if product provides per-urban-centre summaries),HIGH - CONFIRMED by official product audit: GHS-AGE R2025A is defined relative to the 2020 endpoint (see identifiability_risk_register.csv item A),MEDIUM,MEDIUM-HIGH,LOW-MEDIUM,"CONDITIONAL CANDIDATE - ONLY IF constructed from pre-reference-epoch GHS-BUILT-S stack, NOT from official GHS-AGE product directly",Most information-rich H_when candidate but its exact global product availability/epoch granularity must be confirmed (see dataset_inventory.csv); the most recent age bin must be excluded from H per risk A. UPDATED after dataset audit: the official GHS-AGE product cannot be used as-is without reintroducing risk A; a custom pre-2020 construction is required.
H_where,Urbanization relative to elevation/slope (built-up share by slope class over time),MEDIUM-HIGH,"HIGH (DEM x GHS-BUILT-S overlay, table-level once pre-summarized)",HIGH,LOW-MEDIUM,LOW,MEDIUM (topography also affects C and thermal R directly - overlaps with background context),HIGH,MEDIUM,STRONG CANDIDATE - PENDING_SCIENTIFIC_DECISION,"Clear, interpretable, low circularity; must ensure elevation/slope is not double-counted as both an H_where feature and a C control."
H_where,Urbanization relative to flood-prone space (built-up share inside flood hazard zone over time),HIGH if kept independent from hydrological R,MEDIUM (depends on flood hazard product audit),MEDIUM,LOW-MEDIUM,CRITICAL if the same hazard-zone overlay is later used to define hydrological R (see risk B),MEDIUM,HIGH,HIGH - CONFIRMED: Rentschler et al. 2023 (Nature) already documents global urbanization-into-flood-hazard growth 1985-2015 at full global scale,CONDITIONAL CANDIDATE - PENDING_SCIENTIFIC_DECISION,"Scientifically attractive but ONLY if the hydrological response variable is defined independently (e.g., observed inundation, not static hazard-zone overlap); otherwise must be dropped from H or R, not both retained. UPDATED after literature audit: H-feasibility is confirmed, but the same literature independently confirms this quantity cannot double as hydrological R (see hydrological_R rows)."
H_where,Directional expansion relative to existing urban centre (radial/azimuthal growth pattern),MEDIUM,MEDIUM (derivable from multi-epoch built-up grids but requires geometric processing),MEDIUM,MEDIUM,LOW,LOW-MEDIUM,MEDIUM,LOW,POSSIBLE - PENDING_SCIENTIFIC_DECISION,"Scientifically novel-ish and low circularity, but moderate processing burden and unclear a-priori link to thermal/hydrological R; good secondary/exploratory feature."
H_how,Horizontal expansion trajectory (built-up area growth curve),MEDIUM-HIGH,HIGH,HIGH,LOW,"MEDIUM (area growth curve's endpoint overlaps present-day area, part of S; must exclude terminal value per risk A)",MEDIUM-HIGH (correlates with H_when),HIGH,HIGH (widely studied - 'urban expansion' is a major existing literature),CANDIDATE WITH CAUTION - PENDING_SCIENTIFIC_DECISION,"Necessary baseline but, used alone, has the highest prior-art collision risk of all H_how candidates; most useful as a control feature rather than the novel contribution."
H_how,Horizontal-vs-vertical growth ratio (built volume growth relative to built area growth),"HIGH (directly operationalizes a distinctive, less-studied H_how dimension)",MEDIUM (requires both GHS-BUILT-S and GHS-BUILT-V at matching epochs; both being audited),MEDIUM (PENDING confirmation both products share compatible epochs/resolution),LOW-MEDIUM (table-level ratio once both grids are pre-summarized per urban centre),MEDIUM (ratio's recent-epoch value overlaps present-day built volume/density in S),MEDIUM,MEDIUM-HIGH,LOW-MEDIUM (less common than horizontal-only expansion studies),STRONG CANDIDATE - PENDING_SCIENTIFIC_DECISION,Likely the single most scientifically distinctive H_how candidate; depends on BUILT-V/BUILT-S epoch compatibility confirmed in the dataset audit.
H_how,Expansion compactness/fragmentation trajectory,MEDIUM,"MEDIUM (computable from built-up grids via landscape-pattern metrics, non-trivial processing)",MEDIUM,"MEDIUM-HIGH (requires per-epoch morphological computation, not a simple table lookup)",LOW-MEDIUM,MEDIUM,MEDIUM (fragmentation metrics are less intuitive to non-specialist PI/reviewers),MEDIUM (urban form/compactness metrics are a mature sub-field),POSSIBLE - PENDING_SCIENTIFIC_DECISION,"Scientifically plausible link to thermal fragmentation effects, but higher data-processing burden pushes it toward a Tier-2/3 validation feature rather than a Tier-1 global-scale default."
S,Present built-up fraction/area + population density + built volume (multi-dimensional morphology vector),HIGH (indispensable control bundle),HIGH,HIGH,LOW,"LOW (as a control, not as H)","LOW (this IS the confounder-control, by design)",HIGH,HIGH (standard control set in urban climate literature),INDISPENSABLE - PENDING_SCIENTIFIC_DECISION ON EXACT COMPONENT LIST,"Must be rich enough (area + density + volume, not just one scalar) to prevent H from trivially proxying an under-specified S (risk H); exact minimal sufficient set not yet finalized."
S,Present vegetation/greenness (e.g. NDVI) as an S control,"MEDIUM-HIGH as control, DANGEROUS as a naive inclusion",HIGH,HIGH,LOW,LOW,"HIGH RISK OF BEING A MEDIATOR, NOT A CONFOUNDER (risk N)",MEDIUM,HIGH,DANGEROUS CONTROL - PENDING_SCIENTIFIC_DECISION,Present-day greenness plausibly lies on the causal pathway from history to thermal response (older cities may have systematically less/more green infrastructure); including it naively risks post-treatment overcontrol (risk N) that could erase a true history signal.
C,Koppen-Geiger (or similar) climate classification,HIGH,"HIGH (small global raster/shapefile, no bulk download needed)",HIGH,LOW,LOW,LOW (this is the confounder itself),HIGH,HIGH (standard covariate),STRONG CANDIDATE - PENDING_SCIENTIFIC_DECISION,"Cheap, globally consistent, directly operationalizes the climate-confounding control needed for risk F."
C,ERA5-Land climatology (temperature/precipitation normals) as continuous C,HIGH,"HIGH (point/city-level extraction feasible without bulk download, PENDING dataset audit confirmation of access size)",HIGH,LOW (city-point extraction) to MEDIUM (if broader spatial context pulled),LOW,LOW,HIGH,HIGH (standard),STRONG CANDIDATE - PENDING_SCIENTIFIC_DECISION,"Provides a continuous complement to categorical climate class; likely low data burden at city-point resolution, to be confirmed in dataset_inventory.csv."
C,Elevation/slope/aridity/coastal-proximity bundle,MEDIUM-HIGH,HIGH,HIGH,LOW,LOW (as C) / MEDIUM if the same elevation feature is also claimed as H_where (double-role risk),LOW-MEDIUM,HIGH,MEDIUM-HIGH,CANDIDATE WITH BOOKKEEPING CAUTION - PENDING_SCIENTIFIC_DECISION,"Must explicitly decide whether elevation/slope is a C control or an H_where feature, not silently both, to avoid double-counting."
thermal_R,Raw city-mean LST (climatological),"LOW-MEDIUM (dominated by absolute climate/latitude, weak discriminator of urban effect)",HIGH,HIGH,LOW (if using pre-aggregated products),LOW,"HIGH (almost entirely driven by C, swamping any H signal)",MEDIUM,HIGH,NOT RECOMMENDED AS PRIMARY R - PENDING_SCIENTIFIC_DECISION,"As explicitly flagged in the source prompt, raw LST is scientifically inferior to an anomaly/contrast response because it is dominated by background climate rather than any urban/history-attributable signal."
thermal_R,Urban-rural SUHI anomaly/intensity (daytime and nighttime separately),HIGH,HIGH (MODIS/VIIRS LST widely available; possible pre-aggregated global SUHI products to be confirmed in dataset audit),"MEDIUM-HIGH (sensitive to rural-reference definition, risk J)",LOW-MEDIUM if city-level pre-aggregated products exist; MEDIUM-HIGH if pixel-level computation is required,LOW,MEDIUM (rural-reference-dependent),HIGH,"HIGH - CONFIRMED: a pre-aggregated global SUHI dataset already exists (Yang/Xu/Chakraborty et al. 2024, RSE, >10,000 cities, >20yr, monthly) operationalizing exactly this urban-rural contrast at global city-level scale",STRONG CANDIDATE - PENDING_SCIENTIFIC_DECISION,"Removes most background-climate confounding by construction, but requires mandatory multi-definition rural-reference sensitivity testing (risk J); prior-art collision is high so the contribution must be the H-conditional-information framing, not SUHI itself. UPDATED after literature audit: this existing product should likely be used/extended as the thermal R data source rather than rebuilt from raw LST; novelty must come from the H-conditional test, not from SUHI construction itself."
hydrological_R,Built-up area inside flood hazard zone (static hazard-exposure overlap),LOW as an independent R if the same overlap is used in H_where,HIGH,MEDIUM,LOW,CRITICAL - DIRECTLY CIRCULAR WITH H_where AS DEFINED (risk B),N/A (disqualified by circularity before confounding is even relevant),MEDIUM,HIGH,REJECTED AS INDEPENDENT R - PENDING_SCIENTIFIC_DECISION,Explicitly flagged in the source prompt as circular; cannot serve as R if the same quantity (or a close transform of it) is used to construct H_where.
hydrological_R,Observed/event-based inundation frequency (independent remote-sensing-derived flood occurrence),HIGH if feasible,"MEDIUM-LOW (PENDING dataset audit; global event-based inundation records exist but may have coarser resolution, shorter time series, or uneven global coverage)",MEDIUM (UNKNOWN pending audit),MEDIUM,LOW (genuinely independent measurement process from the built-up/history layers),MEDIUM,MEDIUM-HIGH,MEDIUM,CONDITIONAL CANDIDATE PENDING DATASET AUDIT,"The only path to a scientifically independent hydrological R identified in this audit; feasibility (coverage, resolution, length of record) must be confirmed before this response family can be considered tractable at global scale with manageable data burden."
validation_strategy,Random k-fold cross-validation,"LOW (known to overstate transferability given spatial autocorrelation, risk E)",N/A,N/A,LOW,LOW,N/A,HIGH but MISLEADING,"HIGH (commonly mis-used, well documented pitfall)",REPORT ONLY AS A LABELED OPTIMISTIC BASELINE - PENDING_SCIENTIFIC_DECISION,Must not be the primary reported validation metric given risk E; acceptable only as a clearly labeled upper-bound comparison.
validation_strategy,Leave-continent-out / leave-climate-zone-out validation,HIGH,N/A,HIGH,LOW,LOW,LOW (directly mitigates risk E and partially risk F),HIGH,"MEDIUM (standard good practice, not a differentiator but a requirement)",STRONG CANDIDATE / RECOMMENDED PRIMARY METRIC - PENDING_SCIENTIFIC_DECISION,The most credible transferability metric given known spatial-autocorrelation and climate-confounding risks; should be the primary reported validation strategy for Tests A and C.
