claim_id,claim,source_type,source_title,source_URL_or_DOI,access_date,authority_level,notes
S01,"GHS-UCDB R2024A is a ~1.69GB global vector/table product covering 11,422 urban centres with ~2,600 pre-computed attributes, avoiding most raw-raster needs for city-level S/H summaries",Official data catalogue + peer-reviewed companion paper,"JRC Data Catalogue (GHS-UCDB) and Melchiorri et al., Scientific Data 11:82",data.jrc.ec.europa.eu/dataset/1a338be6-7eaf-480c-9664-3a8ade88cbcd; 10.1038/s41597-023-02691-1,2026-10-05,VERIFIED_SECONDARY (search-engine synthesis; primary JRC/Copernicus human-settlement page not directly fetchable in this environment),Single most important Tier-1 feasibility finding of this audit
S02,"GHS-AGE R2025A defines built-stock age as the epoch in which 50% of the BUILT-UP SURFACE OF 2020 was first exceeded per grid cell - i.e., computed relative to the 2020 (present) endpoint",Official product documentation (search synthesis),"JRC Data Catalogue (GHS-AGE) and Uhl, Politis, Pesaresi (2025)",data.jrc.ec.europa.eu/dataset/d503bb56-9884-4e4d-bb8f-d86711d9f749,2026-10-05,VERIFIED_SECONDARY,CRITICAL finding - real-world confirmation of identifiability risk register item A (mathematical coupling)
S03,GHS-BUILT-S R2023A's DOI could not be confirmed - two conflicting DOI strings were found across search results (10.2905/JRC.939FACR vs 10.2905/9F06F36F-...),Conflicting search results,"JRC GHSL data catalogue (GHS-BUILT-S page, multiple listings)",UNRESOLVED - see dataset_inventory.csv row ghs-built-s,2026-10-05,UNVERIFIED,Flagged for human/direct-page confirmation before treating as VERIFIED_OFFICIAL
S04,"GHSL raw raster products (BUILT-S, BUILT-V, POP) have no native partial/range download; a province-level extract still requires fetching the whole global epoch file via direct JRC/HDX download, unless accessed via Google Earth Engine or NASA AppEEARS for server-side AOI reduction",Search-engine synthesis of JRC/GEE catalogue documentation,GHSL data access documentation; Google Earth Engine data catalog,JRC GHSL catalogue; earthengine.google.com/datasets,2026-10-05,VERIFIED_SECONDARY,Key input to the Tier 1/2/3 data-volume architecture recommendation
S05,"Koppen-Geiger 1km global climate classification (Beck et al. 2018) is a single 67.67 MB GeoTIFF, CC BY 4.0 licensed, covering present (1980-2016) and future projections",Peer-reviewed primary paper + Figshare data record,"Beck, Zimmermann, McVicar, Vergopolan, Berg, Wood - Scientific Data 5:180214",Figshare dataset record (exact DOI suffix not independently confirmed),2026-10-05,VERIFIED_SECONDARY,Ideal Tier-1 background-context candidate due to small size and permissive license
S06,WorldClim v2.1's license could not be confirmed - conflicting claims found (CC-BY-NC-SA 4.0 vs CC BY 4.0) across secondary sources,Conflicting secondary sources,Various WorldClim v2.1 citations/mirrors,worldclim.org (not directly fetched),2026-10-05,UNVERIFIED,Must be confirmed directly at worldclim.org before use in any future execution
S07,"MOD11A2/MYD11A2 (MODIS LST, 1km, 8-day) is available from Terra 2000-02-18 and Aqua 2002-07-04 to present, accessible without bulk download via NASA AppEEARS or Google Earth Engine server-side AOI reduction",Official product documentation (search synthesis),NASA LP DAAC MOD11A2.061 product page,10.5067/MODIS/MOD11A2.061,2026-10-05,VERIFIED_SECONDARY,Establishes a hard pre-2000 ceiling on thermal R historical depth regardless of sensor choice
S08,"A pre-aggregated global urban heat island intensity dataset exists (Yang, Xu, Chakraborty et al. 2024), covering >10,000 cities, >20 years, monthly, as an urban-rural SUHI contrast (not raw LST), with a companion 1km gridded layer",Peer-reviewed primary paper + Figshare data record,"Remote Sensing of Environment, vol. 312 (2024)",10.6084/m9.figshare.24821538,2026-10-05,VERIFIED_SECONDARY,Major finding for both dataset feasibility (Tier-1 thermal R candidate) and prior-art collision (see prior_art_matrix.csv note on this dataset's significance)
S09,"Globally, settlements in the highest flood-hazard zones grew 122% from 1985-2015, outpacing safe-zone growth, concentrated in lower/middle-income countries",Peer-reviewed primary paper,"Rentschler, Avner, Marconcini, Su, Strano, Vousdoukas, Hallegatte - Nature 622:87-92",10.1038/s41586-023-06468-9,2026-10-05,VERIFIED_SECONDARY,Confirms H-feasibility for the flood-prone H_where candidate AND independently confirms the circularity warning in risk register item B
S10,"Jung, Dyson, Alberti (2025) test whether historical redlining grade predicts present-day land surface temperature after controlling for present landscape heterogeneity, in 3 US cities; the apparent effect fragments once present-day tree canopy etc. is accounted for",Peer-reviewed primary paper,"Landscape and Urban Planning, 261:105406",10.1016/j.landurbplan.2025.105406,2026-10-05,VERIFIED_SECONDARY,"Conceptually closest prior-art match found to the candidate question's core logical test (Test A), at smaller scale and with categorical H"
S11,"No global, multi-city study was found that performs an explicit information-content comparison of R~S+C vs R~S+C+H (or an equivalent present-day-twin/analogue-divergence design) using a continuous, multi-decade developmental-trajectory H, for either a thermal or hydrological response","Literature-search synthesis (absence-of-evidence finding, not a single source)","Combined result of ~10 targeted literature searches across Nature, Nature Cities, Nature Communications, Communications Earth & Environment, npj Urban Sustainability, Remote Sensing of Environment, Environmental Research Letters, PNAS, Science Advances",N/A (synthesis across prior_art_matrix.csv entries),2026-10-05,"VERIFIED_SECONDARY (reasoned absence, not a formal systematic review)","This is the basis for the 'no DIRECT COLLISION found' verdict in Section 11 of the report; it is an audit-level finding, not a guarantee that no such study exists anywhere"
S12,"'Path dependence' is a decades-old term from economics/institutional theory, now used in urban climate-POLICY/governance literature to mean institutional/political inertia (e.g. carbon lock-in), not a biophysical environmental-response legacy",Literature-search synthesis,Multiple secondary sources on path-dependence usage in urban climate governance,N/A (terminology synthesis),2026-10-05,VERIFIED_SECONDARY,Basis for recommending against using 'path dependence' unqualified for the biophysical H-to-R framing
S13,"'Ecological memory' is a formally defined term in disturbance ecology, already extended to urban systems in at least two distinct technical senses (social-ecological memory/stewardship in urban green space; a quantitative term in urban stormwater pollutant wash-off modeling), making 'urban ecological memory' OVERLOADED for this project's intended meaning",Literature-search synthesis including one directly cited case study,"Barthel et al. (Ecology and Society, social-ecological memory in urban gardens) and other secondary sources on ecological-memory usage",researchgate.net/publication/223640701,2026-10-05,VERIFIED_SECONDARY,Primary basis for the AMBIGUOUS/OVERLOADED terminology verdict in Section 12 of the report
S14,"'Urban memory' is a well-established term in urban planning/architecture/heritage/cultural-geography literature (place-identity, collective-memory theory, UNESCO HUL heritage framework), entirely unrelated to biophysical environmental legacy",Literature-search synthesis,Multiple secondary sources on urban-memory usage in planning/heritage literature,N/A (terminology synthesis),2026-10-05,VERIFIED_SECONDARY,Second basis for the AMBIGUOUS/OVERLOADED terminology verdict - high risk of cross-disciplinary misreading if 'urban memory' or 'urban environmental memory' is adopted without qualification
S15,"A global city-analogue/climate-twin matching methodology already exists and has been applied to match FUTURE city climates to PRESENT city climates (~520 cities), establishing the matching technique itself as not novel, though its application to historical- rather than future-climate divergence (candidate Tests B/C) has not been found in this search",Peer-reviewed primary paper (authorship not independently reconfirmed in this pass),"PLOS ONE, 'Understanding climate change from a global analysis of city analogues' (reported Bastin et al. 2019)",researchgate.net/publication/328679570,2026-10-05,VERIFIED_SECONDARY (authorship/venue not independently reconfirmed - flagged lower confidence),Relevant to candidate Tests B/C methodological novelty assessment
S16,"This execution's research tooling could not directly WebFetch several primary domains (human-settlement.emergency.copernicus.eu, sciencedirect.com, pnnl.gov, osti.gov) due to environment-level network/domain-verification restrictions; all facts from these domains are therefore based on WebSearch result synthesis (which itself draws on the underlying pages via search indexing), not a direct fetch of the primary page",Direct observation of this execution's own tool-call results,N/A - environment/tooling limitation,N/A,2026-10-05,"N/A (meta-level disclosure, not a factual claim about datasets/literature)","This is why every dataset/literature fact in this audit is marked VERIFIED_SECONDARY rather than VERIFIED_OFFICIAL; a human reviewer with unrestricted network access should re-confirm the highest-stakes facts (DOIs, licenses, exact resolutions) before they are relied upon for a funded study design"
