permutation_index,null_statistic_mean_D_H
0,0.5292724406340075
1,0.5278179542474908
2,0.5286944856808621
3,0.5296756818474095
4,0.5285276192252008
5,0.5293898141767776
6,0.5317357169881991
7,0.5300906648316721
8,0.527596511014833
9,0.5282108484659869
10,0.533174373906885
11,0.5282147587586263
12,0.5276890591160848
13,0.5280491554124375
14,0.529618255819801
15,0.5290426145484023
16,0.5275903430119021
17,0.5294480660246375
18,0.5281959981017907
19,0.5278299275774195
20,0.5298083778912146
21,0.5278540150147238
22,0.532529060915065
23,0.5313201839458949
24,0.5313484542237532
25,0.5280303846566108
26,0.5305973520577106
27,0.5314549338071521
28,0.5305387730670432
29,0.5300517689303489
30,0.5302546369831127
31,0.5300669905993621
32,0.5292577195612371
33,0.5318267350689844
34,0.5310742676399781
35,0.5287457996332463
36,0.5280272114914821
37,0.5278223931725422
38,0.5273846299190719
39,0.5300924755358128
40,0.5307818040685047
41,0.5267966166759975
42,0.5283531296769484
43,0.5316686613558788
44,0.5270241132968154
45,0.5288145536730515
46,0.533425056421957
47,0.5304401820152526
48,0.5286266486048101
49,0.5289471199255165
50,0.528761380007906
51,0.5289588253721094
52,0.5294341002298175
53,0.5303338999515151
54,0.5289301271608063
55,0.5292592566210568
56,0.5283752188080698
57,0.5286232741064034
58,0.5281447049521466
59,0.5290341231238438
60,0.527607038888452
61,0.5255710732424913
62,0.5270844448808071
63,0.5287227903550445
64,0.5309667544109695
65,0.5298932996333671
66,0.5281545894214812
67,0.5296776826183383
68,0.52701734404981
69,0.5300554029971993
70,0.5290446500244369
71,0.5271698292356075
72,0.5292725240139026
73,0.5304175755012153
74,0.5326962634911391
75,0.5304147684081052
76,0.5288422840863684
77,0.5304779691808489
78,0.5277021411031132
79,0.5291569490472993
80,0.5297304368522723
81,0.528913649809728
82,0.5321442616225319
83,0.524101820765858
84,0.5332249195226599
85,0.5272770095046745
86,0.528613816160097
87,0.5287541769207229
88,0.526533541629278
89,0.5290844565262807
90,0.5290104847170868
91,0.529146356857743
92,0.5296331899322537
93,0.5281725413242686
94,0.5312770035930201
95,0.5290573715343014
96,0.5316359835115009
97,0.5286012058598778
98,0.5289348952113909
99,0.5292957162643814
100,0.5287845334422654
101,0.5315177041176122
102,0.5299469877574494
103,0.531909713265485
104,0.5292224536172729
105,0.5289884624524998
106,0.5324865851113161
107,0.5271715688388204
108,0.5274187620429623
109,0.5293269870658751
110,0.5294864803113591
111,0.5282534590902711
112,0.529486038700847
113,0.5302254989503481
114,0.5293404546237933
115,0.531890783394633
116,0.526628633035266
117,0.5274009009299819
118,0.5279093600904712
119,0.5273666571048087
120,0.5304051648669863
121,0.5292594912034354
122,0.5299172275802474
123,0.529276074071327
124,0.5297944524520791
125,0.5299253963906981
126,0.528155806761773
127,0.5331477630277781
128,0.5295242015549241
129,0.5289768119767231
130,0.5272214656100764
131,0.5299601504489851
132,0.5284585968173313
133,0.5299057539100976
134,0.5269751554506169
135,0.531372283688809
136,0.5275518747934234
137,0.5280987153969249
138,0.5267700436676455
139,0.5295165392028107
140,0.5267879688064451
141,0.5284361192616334
142,0.5293400755190045
143,0.5298243699182241
144,0.5277662199105521
145,0.5284421358044241
146,0.5280525811591961
147,0.5288381053300077
148,0.5304472017102136
149,0.5316224381131797
150,0.5286039481447187
151,0.5285664859600723
152,0.5292149287859506
153,0.5320323042884472
154,0.5301386886351693
155,0.5326145274424633
156,0.5314845793910551
157,0.530534803616621
158,0.5285316821360593
159,0.5276099042294908
160,0.529023038805807
161,0.530238770896469
162,0.525690279099722
163,0.530784997621803
164,0.5305459320997172
165,0.5279837329493962
166,0.5267831433351451
167,0.5314661255723732
168,0.528747367770288
169,0.5316649432214691
170,0.5289020333797644
171,0.5304704044281545
172,0.5271611699300995
173,0.5257951644914721
174,0.5311782272218404
175,0.5294694644707005
176,0.5311893420847135
177,0.5275780458047006
178,0.5297868068850956
179,0.5272108431645421
180,0.5267540956580223
181,0.5287830588582921
182,0.5297073229480563
183,0.5339221901855516
184,0.5287482470546891
185,0.5307694461544189
186,0.528351608144971
187,0.528086555094881
188,0.5311088834990787
189,0.5296985462187578
190,0.5294699526163178
191,0.5264989136420272
192,0.5283654006480231
193,0.5288977354071907
194,0.5281697848435014
195,0.5294583750327629
196,0.5275487731285555
197,0.528484046458093
198,0.5274993501113359
199,0.5291506369433356
200,0.5303949020537388
201,0.5281028178647961
202,0.5266524378859156
203,0.5256359450465041
204,0.5312347500653849
205,0.5287763833394828
206,0.5316786119143614
207,0.5289665979198083
208,0.5277724587126273
209,0.5300143772774292
210,0.5261745542709535
211,0.5323824233715934
212,0.5285198641805765
213,0.5289854539597262
214,0.5272927963378292
215,0.5296458223812127
216,0.5298203644394387
217,0.5310980655635094
218,0.5312117825938986
219,0.527958666107241
220,0.5271092322750416
221,0.5303487960136534
222,0.5309468161398371
223,0.5261307785884851
224,0.5299576572852651
225,0.5301389464180983
226,0.5295284559441481
227,0.528784200175563
228,0.525756862155775
229,0.5303562350852935
230,0.5296030670928114
231,0.5293213600211296
232,0.5290562152535166
233,0.5314913250221597
234,0.5277851106655247
235,0.5296581552988927
236,0.5289012908328857
237,0.528619364622666
238,0.5281846766074951
239,0.5271024794960256
240,0.5263048589464505
241,0.5289094978348527
242,0.5270351236772719
243,0.5298015800275037
244,0.5290861950491238
245,0.5303012579849848
246,0.5275109212768239
247,0.5309351418311881
248,0.5305830531176918
249,0.5283483935049412
250,0.5317429151870712
251,0.5304771970823609
252,0.5270038724646593
253,0.5328132272546968
254,0.5295980900194909
255,0.5318901680480624
256,0.5305004065652965
257,0.5274851270673744
258,0.5306598301381541
259,0.5291873595198598
260,0.5293725093050389
261,0.5310140489135324
262,0.5299172494190649
263,0.5309328200518603
264,0.528578756906175
265,0.5300401351086181
266,0.5261419017975659
267,0.5305258030877638
268,0.5299087915214634
269,0.5289987104474081
270,0.5274837521802236
271,0.5315344642765987
272,0.5281814314262705
273,0.5272645313671018
274,0.5308441060594612
275,0.5306436549904441
276,0.5289232825882856
277,0.5275834547650975
278,0.528025704873853
279,0.5292371947331007
280,0.5296411201584348
281,0.5296638516540904
282,0.5277703514003451
283,0.5286980370377424
284,0.5312458098194832
285,0.5309543570321387
286,0.5284323553029044
287,0.5301278113055252
288,0.5268856664593498
289,0.5272876715359542
290,0.529037881276165
291,0.5303581847752573
292,0.5320714722635689
293,0.5307037346931617
294,0.5298332557608006
295,0.5295665472397344
296,0.5296067538709358
297,0.529935642198965
298,0.5294248692399118
299,0.5290361738176224
