s_spec,c_included,model,validation_scheme,target,n_folds,r2_mean,r2_std,mae_mean,mae_std
S1,False,null_mean,random_5fold,1975,5,0.0,0.0,0.17392010366540345,0.0018759960715716893
S1,False,null_mean,random_5fold,1980,5,0.0,0.0,0.17185963019722336,0.0018571950591489098
S1,False,null_mean,random_5fold,1985,5,0.0,0.0,0.16788336480291696,0.001973264414825512
S1,False,null_mean,random_5fold,1990,5,0.0,0.0,0.16750892906988984,0.001838734237730792
S1,False,null_mean,random_5fold,1995,5,0.0,0.0,0.14936155980132826,0.0016082000856291838
S1,False,null_mean,random_5fold,2000,5,0.0,0.0,0.13302148180132908,0.0014736513480979876
S1,False,null_mean,random_5fold,2005,5,0.0,0.0,0.1070220011486551,0.0016017236153526926
S1,False,null_mean,random_5fold,2010,5,0.0,0.0,0.07354724822176603,0.0014854664917706088
S1,False,null_mean,random_5fold,2015,5,0.0,0.0,0.041801942496785455,0.00106493438447087
S1,False,null_mean,random_5fold,aggregate_trajectory_rmse,5,,,0.43868623845371973,0.005123777407463154
S1,False,null_mean,leave_region_out,1975,6,0.0,0.0,0.21558708227388754,0.06619128300180124
S1,False,null_mean,leave_region_out,1980,6,0.0,0.0,0.21027550326040392,0.06387762626348509
S1,False,null_mean,leave_region_out,1985,6,0.0,0.0,0.2010560870174657,0.059025483644767375
S1,False,null_mean,leave_region_out,1990,6,0.0,0.0,0.1932200926334897,0.05183914137239662
S1,False,null_mean,leave_region_out,1995,6,0.0,0.0,0.17000621607148414,0.043155138889523784
S1,False,null_mean,leave_region_out,2000,6,0.0,0.0,0.1484458445140047,0.027028582398736546
S1,False,null_mean,leave_region_out,2005,6,0.0,0.0,0.11775826836119395,0.02044422218339945
S1,False,null_mean,leave_region_out,2010,6,0.0,0.0,0.07789079922992481,0.012581989804999374
S1,False,null_mean,leave_region_out,2015,6,0.0,0.0,0.038966983482942245,0.00814687234611456
S1,False,null_mean,leave_region_out,aggregate_trajectory_rmse,6,,,0.5080541901248062,0.12136377526108344
S1,False,ridge,random_5fold,1975,5,0.023751141257813902,0.005546135405899339,0.1710852188251106,0.0019455920506761537
S1,False,ridge,random_5fold,1980,5,0.02034280116613165,0.004561240606714595,0.16942911957858042,0.001993350805450642
S1,False,ridge,random_5fold,1985,5,0.015472592905273742,0.0034320359379970224,0.16607774833965586,0.002157094763557691
S1,False,ridge,random_5fold,1990,5,0.009597715160113585,0.0027452240337793215,0.16629636186657035,0.0019513209256865128
S1,False,ridge,random_5fold,1995,5,0.009897764326363401,0.002584259384718836,0.14830584085956672,0.0016604068501962362
S1,False,ridge,random_5fold,2000,5,0.009666905170297557,0.002105241997879679,0.13211961152599314,0.00146234556473458
S1,False,ridge,random_5fold,2005,5,0.009077308865738964,0.0020156685018769527,0.10636381764307148,0.001588944128601101
S1,False,ridge,random_5fold,2010,5,0.007739377368796307,0.002019858818078246,0.07319263649983557,0.0014441630233858005
S1,False,ridge,random_5fold,2015,5,0.004062720320489821,0.0021113745570512216,0.04173103879844736,0.0010325591099379582
S1,False,ridge,random_5fold,aggregate_trajectory_rmse,5,,,0.43440422764769515,0.005285481950026667
S1,False,ridge,leave_region_out,1975,6,0.06507086029787512,0.05214643524632755,0.20586125736683905,0.062339617526697
S1,False,ridge,leave_region_out,1980,6,0.06048886325557327,0.049116109639350765,0.20150006887730662,0.060139670629772435
S1,False,ridge,leave_region_out,1985,6,0.05250229787552544,0.04378415209089221,0.1937271432408819,0.055369373883155285
S1,False,ridge,leave_region_out,1990,6,0.03994592304422092,0.0349119089649503,0.18758685649374238,0.0482331783163173
S1,False,ridge,leave_region_out,1995,6,0.044115474685469135,0.036820828194952075,0.16478273557154038,0.040477325111964384
S1,False,ridge,leave_region_out,2000,6,0.04462911210975958,0.03909750869798608,0.14385177364824966,0.0253729805004714
S1,False,ridge,leave_region_out,2005,6,0.04398865318094906,0.03862717686350974,0.11412163896174472,0.01963483442956413
S1,False,ridge,leave_region_out,2010,6,0.04143103074797366,0.03688773100493851,0.0757213018827204,0.012749497495792279
S1,False,ridge,leave_region_out,2015,6,0.016071223166757003,0.016432059988490042,0.03846567325060518,0.008347444749185123
S1,False,ridge,leave_region_out,aggregate_trajectory_rmse,6,,,0.49057378129926826,0.11349219003740527
S1,False,random_forest,random_5fold,1975,5,0.1580905836268936,0.010311468464761655,0.15630334835557752,0.0015430033248430472
S1,False,random_forest,random_5fold,1980,5,0.1270874336081934,0.010894249330094315,0.1575044758320538,0.0017482654871161204
S1,False,random_forest,random_5fold,1985,5,0.08232026736617928,0.011282734160526425,0.15829307939533152,0.0019015905132334433
S1,False,random_forest,random_5fold,1990,5,0.035176428292231623,0.010509894527172908,0.16218330905234882,0.001835727270866483
S1,False,random_forest,random_5fold,1995,5,0.04211737427590725,0.009830385079942053,0.14379780373516343,0.0015935896537664822
S1,False,random_forest,random_5fold,2000,5,0.04788804591863949,0.007548707506339978,0.12747071977918398,0.0016575434486083285
S1,False,random_forest,random_5fold,2005,5,0.053090144366573,0.006622827263015491,0.10256634653773763,0.001771227019364853
S1,False,random_forest,random_5fold,2010,5,0.0630651710898528,0.006101232305042392,0.07079979902011355,0.001406253229204148
S1,False,random_forest,random_5fold,2015,5,0.06201111451299472,0.009570959100914137,0.04032073144699626,0.001105164423960932
S1,False,random_forest,random_5fold,aggregate_trajectory_rmse,5,,,0.41353653659294887,0.004588796861864031
S1,False,random_forest,leave_region_out,1975,6,0.2248056697231334,0.15009189054979857,0.18049255659305474,0.0518251893711822
S1,False,random_forest,leave_region_out,1980,6,0.19001097349765605,0.1468426881704827,0.1804931390450756,0.050687235378493914
S1,False,random_forest,leave_region_out,1985,6,0.13271885914386072,0.14192103192806002,0.1792416369370952,0.0471930821229859
S1,False,random_forest,leave_region_out,1990,6,0.061966362949406904,0.1326300256604949,0.18025567295641876,0.04232389406741306
S1,False,random_forest,leave_region_out,1995,6,0.09636372114453017,0.13678725656457477,0.15486258085504934,0.036609452106578726
S1,False,random_forest,leave_region_out,2000,6,0.12942961670496625,0.1588441985989485,0.13191478987825062,0.02608868418739918
S1,False,random_forest,leave_region_out,2005,6,0.13293354918043504,0.17100575882283972,0.10439023067832102,0.021616518018224767
S1,False,random_forest,leave_region_out,2010,6,0.14279967042875202,0.18477054360519637,0.06961313822717859,0.015544129957192258
S1,False,random_forest,leave_region_out,2015,6,0.11282804210289672,0.17244301964878553,0.03540618820934074,0.011842925910698639
S1,False,random_forest,leave_region_out,aggregate_trajectory_rmse,6,,,0.45170296941491844,0.09973513549159031
S1,True,null_mean,random_5fold,1975,5,0.0,0.0,0.17392010366540345,0.0018759960715716893
S1,True,null_mean,random_5fold,1980,5,0.0,0.0,0.17185963019722336,0.0018571950591489098
S1,True,null_mean,random_5fold,1985,5,0.0,0.0,0.16788336480291696,0.001973264414825512
S1,True,null_mean,random_5fold,1990,5,0.0,0.0,0.16750892906988984,0.001838734237730792
S1,True,null_mean,random_5fold,1995,5,0.0,0.0,0.14936155980132826,0.0016082000856291838
S1,True,null_mean,random_5fold,2000,5,0.0,0.0,0.13302148180132908,0.0014736513480979876
S1,True,null_mean,random_5fold,2005,5,0.0,0.0,0.1070220011486551,0.0016017236153526926
S1,True,null_mean,random_5fold,2010,5,0.0,0.0,0.07354724822176603,0.0014854664917706088
S1,True,null_mean,random_5fold,2015,5,0.0,0.0,0.041801942496785455,0.00106493438447087
S1,True,null_mean,random_5fold,aggregate_trajectory_rmse,5,,,0.43868623845371973,0.005123777407463154
S1,True,null_mean,leave_region_out,1975,6,0.0,0.0,0.21558708227388754,0.06619128300180124
S1,True,null_mean,leave_region_out,1980,6,0.0,0.0,0.21027550326040392,0.06387762626348509
S1,True,null_mean,leave_region_out,1985,6,0.0,0.0,0.2010560870174657,0.059025483644767375
S1,True,null_mean,leave_region_out,1990,6,0.0,0.0,0.1932200926334897,0.05183914137239662
S1,True,null_mean,leave_region_out,1995,6,0.0,0.0,0.17000621607148414,0.043155138889523784
S1,True,null_mean,leave_region_out,2000,6,0.0,0.0,0.1484458445140047,0.027028582398736546
S1,True,null_mean,leave_region_out,2005,6,0.0,0.0,0.11775826836119395,0.02044422218339945
S1,True,null_mean,leave_region_out,2010,6,0.0,0.0,0.07789079922992481,0.012581989804999374
S1,True,null_mean,leave_region_out,2015,6,0.0,0.0,0.038966983482942245,0.00814687234611456
S1,True,null_mean,leave_region_out,aggregate_trajectory_rmse,6,,,0.5080541901248062,0.12136377526108344
S1,True,ridge,random_5fold,1975,5,0.18563551354752228,0.01776803529838375,0.15349435278886764,0.0026022713557276125
S1,True,ridge,random_5fold,1980,5,0.16321425606876633,0.01687165307647581,0.15412845270823192,0.0025468725622394993
S1,True,ridge,random_5fold,1985,5,0.1274899772190255,0.014999484042137717,0.15430381367752433,0.0023331212618420702
S1,True,ridge,random_5fold,1990,5,0.08325482299882317,0.012070509977221523,0.1580218991118307,0.0018527595396630625
S1,True,ridge,random_5fold,1995,5,0.09118216411283704,0.013501737990051856,0.1401619038214456,0.0013202595506778424
S1,True,ridge,random_5fold,2000,5,0.0879031709705547,0.014120112078641433,0.12457508571824172,0.0009856002131316622
S1,True,ridge,random_5fold,2005,5,0.08258404763048721,0.012030953092511476,0.10049506147891288,0.001102932820076758
S1,True,ridge,random_5fold,2010,5,0.06414662838356425,0.008845364369212962,0.06995288047680182,0.0010921721060256333
S1,True,ridge,random_5fold,2015,5,0.027632809286394378,0.006481224999075842,0.04088594464039489,0.0010703359765497481
S1,True,ridge,random_5fold,aggregate_trajectory_rmse,5,,,0.4050327075584087,0.004874146523045275
S1,True,ridge,leave_region_out,1975,6,-0.2657577026766021,0.7938478111839669,0.23817388490368585,0.1239118301251226
S1,True,ridge,leave_region_out,1980,6,-0.24338934183787242,0.7239183024940697,0.23116865466653613,0.11712624709136962
S1,True,ridge,leave_region_out,1985,6,-0.2159268058706824,0.6017672031175954,0.22002120280193102,0.10477027930518079
S1,True,ridge,leave_region_out,1990,6,-0.1986001647146777,0.43062193447750846,0.21130315395446195,0.08852804553590342
S1,True,ridge,leave_region_out,1995,6,-0.15329580177231583,0.48250168900081253,0.18109114253012495,0.07769150573066741
S1,True,ridge,leave_region_out,2000,6,-0.10843025471788931,0.5114732240881145,0.152438987162709,0.058498466003929606
S1,True,ridge,leave_region_out,2005,6,-0.11534867059972857,0.5159428244284233,0.12108635624305081,0.043815106867059195
S1,True,ridge,leave_region_out,2010,6,-0.1348113003631611,0.4911471204797041,0.08068001112501295,0.02357743813787172
S1,True,ridge,leave_region_out,2015,6,-0.119029794162838,0.25209226136379714,0.04080674175524711,0.008626172693235745
S1,True,ridge,leave_region_out,aggregate_trajectory_rmse,6,,,0.5520297482823132,0.23373531322368318
S1,True,random_forest,random_5fold,1975,5,0.5894956130140879,0.01940006733571938,0.10331237470337436,0.0023115458666602634
S1,True,random_forest,random_5fold,1980,5,0.5691939573261849,0.01957841511164763,0.10436151700200277,0.0021741468889061493
S1,True,random_forest,random_5fold,1985,5,0.5338453523862634,0.019516266851515026,0.10596367964474673,0.0019471890761338627
S1,True,random_forest,random_5fold,1990,5,0.4881985125969335,0.01919752410768995,0.11039431573546413,0.0016895879228030195
S1,True,random_forest,random_5fold,1995,5,0.4803626041104039,0.02097546639600365,0.09897797432142594,0.0012190536845572495
S1,True,random_forest,random_5fold,2000,5,0.44058662636059953,0.02241080646442711,0.09105475136627057,0.0006622779608324493
S1,True,random_forest,random_5fold,2005,5,0.4181075978267364,0.024567397859956683,0.0740861709501223,0.000725351511153095
S1,True,random_forest,random_5fold,2010,5,0.3493043405941522,0.03263639991372154,0.05344044275596114,0.0008370178333688518
S1,True,random_forest,random_5fold,2015,5,0.22927790176663593,0.04004137830787808,0.034166171544646476,0.0008570981952436188
S1,True,random_forest,random_5fold,aggregate_trajectory_rmse,5,,,0.2871328844487985,0.0044677308547922635
S1,True,random_forest,leave_region_out,1975,6,0.33925215739730835,0.17087882826691606,0.16452145668847382,0.03700065029304543
S1,True,random_forest,leave_region_out,1980,6,0.2929753254955297,0.17270231480450093,0.1657898093251325,0.03563654006525122
S1,True,random_forest,leave_region_out,1985,6,0.19747017243744422,0.2017621405027944,0.16841415382880356,0.03143971869739285
S1,True,random_forest,leave_region_out,1990,6,0.057806239055112306,0.2573988196819026,0.17569669699757917,0.024658733091368398
S1,True,random_forest,leave_region_out,1995,6,0.14613252593282236,0.16219263806690212,0.14886273287232224,0.028137986999892825
S1,True,random_forest,leave_region_out,2000,6,0.22553670698483272,0.19735275994696985,0.124002562476138,0.028743118228507104
S1,True,random_forest,leave_region_out,2005,6,0.22837277597290484,0.20169122444470003,0.0986708079158249,0.024804097814009197
S1,True,random_forest,leave_region_out,2010,6,0.201828219841003,0.19505544600073624,0.06746743035978707,0.018692842412131684
S1,True,random_forest,leave_region_out,2015,6,0.011128706961978393,0.17291589294788828,0.037387445782690355,0.012335502332279953
S1,True,random_forest,leave_region_out,aggregate_trajectory_rmse,6,,,0.4279270792046736,0.07161695659828045
S2,False,null_mean,random_5fold,1975,5,0.0,0.0,0.17392010366540345,0.0018759960715716893
S2,False,null_mean,random_5fold,1980,5,0.0,0.0,0.17185963019722336,0.0018571950591489098
S2,False,null_mean,random_5fold,1985,5,0.0,0.0,0.16788336480291696,0.001973264414825512
S2,False,null_mean,random_5fold,1990,5,0.0,0.0,0.16750892906988984,0.001838734237730792
S2,False,null_mean,random_5fold,1995,5,0.0,0.0,0.14936155980132826,0.0016082000856291838
S2,False,null_mean,random_5fold,2000,5,0.0,0.0,0.13302148180132908,0.0014736513480979876
S2,False,null_mean,random_5fold,2005,5,0.0,0.0,0.1070220011486551,0.0016017236153526926
S2,False,null_mean,random_5fold,2010,5,0.0,0.0,0.07354724822176603,0.0014854664917706088
S2,False,null_mean,random_5fold,2015,5,0.0,0.0,0.041801942496785455,0.00106493438447087
S2,False,null_mean,random_5fold,aggregate_trajectory_rmse,5,,,0.43868623845371973,0.005123777407463154
S2,False,null_mean,leave_region_out,1975,6,0.0,0.0,0.21558708227388754,0.06619128300180124
S2,False,null_mean,leave_region_out,1980,6,0.0,0.0,0.21027550326040392,0.06387762626348509
S2,False,null_mean,leave_region_out,1985,6,0.0,0.0,0.2010560870174657,0.059025483644767375
S2,False,null_mean,leave_region_out,1990,6,0.0,0.0,0.1932200926334897,0.05183914137239662
S2,False,null_mean,leave_region_out,1995,6,0.0,0.0,0.17000621607148414,0.043155138889523784
S2,False,null_mean,leave_region_out,2000,6,0.0,0.0,0.1484458445140047,0.027028582398736546
S2,False,null_mean,leave_region_out,2005,6,0.0,0.0,0.11775826836119395,0.02044422218339945
S2,False,null_mean,leave_region_out,2010,6,0.0,0.0,0.07789079922992481,0.012581989804999374
S2,False,null_mean,leave_region_out,2015,6,0.0,0.0,0.038966983482942245,0.00814687234611456
S2,False,null_mean,leave_region_out,aggregate_trajectory_rmse,6,,,0.5080541901248062,0.12136377526108344
S2,False,ridge,random_5fold,1975,5,0.02993156239068038,0.004481110271675749,0.1703574657875563,0.0019919921971311458
S2,False,ridge,random_5fold,1980,5,0.02509003101377407,0.003904661587930403,0.16887795180408743,0.002073901005570174
S2,False,ridge,random_5fold,1985,5,0.018015115801950365,0.0032258032951002695,0.16582512439201688,0.002254163371952263
S2,False,ridge,random_5fold,1990,5,0.010092448863947645,0.0027177823404681807,0.16621525516874183,0.001970060207168687
S2,False,ridge,random_5fold,1995,5,0.011508293668858327,0.003149689649882954,0.14813274015026784,0.001724781125484733
S2,False,ridge,random_5fold,2000,5,0.013300653006157815,0.003666672284072747,0.13180449771985697,0.001558530290369648
S2,False,ridge,random_5fold,2005,5,0.013790961915135402,0.006597559474340805,0.10603647851953073,0.0017293214171387617
S2,False,ridge,random_5fold,2010,5,0.014827285335623986,0.012176859864386045,0.07288673334370496,0.001639152051531831
S2,False,ridge,random_5fold,2015,5,0.012932220871828614,0.01669292077797817,0.0414098721387172,0.0012248543022782869
S2,False,ridge,random_5fold,aggregate_trajectory_rmse,5,,,0.433374899013538,0.00562420516156093
S2,False,ridge,leave_region_out,1975,6,0.0768594786389797,0.0572587363547696,0.20417816223143267,0.06178436865345158
S2,False,ridge,leave_region_out,1980,6,0.07146523804346516,0.052116131076155675,0.20023144151722583,0.0597949834454615
S2,False,ridge,leave_region_out,1985,6,0.06024860423443055,0.04509863893213264,0.19292534506483586,0.05511529891969634
S2,False,ridge,leave_region_out,1990,6,0.041925294890731137,0.03650140645032048,0.18735837598029348,0.04809577349355955
S2,False,ridge,leave_region_out,1995,6,0.05068063195895128,0.03856132745988098,0.16420343994120612,0.0403278445942041
S2,False,ridge,leave_region_out,2000,6,0.057365098878423504,0.04163213718216978,0.14285727556904573,0.02522983648682962
S2,False,ridge,leave_region_out,2005,6,0.06085945911696333,0.042048385136291104,0.11310110314654644,0.019485514661608107
S2,False,ridge,leave_region_out,2010,6,0.0661537689332143,0.04281674046727645,0.07475578379688728,0.012669392583658
S2,False,ridge,leave_region_out,2015,6,0.04794912040873741,0.02898275677367944,0.0377395740794659,0.008574237428500468
S2,False,ridge,leave_region_out,aggregate_trajectory_rmse,6,,,0.4878859330972882,0.11293987759538472
S2,False,random_forest,random_5fold,1975,5,0.16608418235372957,0.012851140806401682,0.15538513677043514,0.0017203419758874997
S2,False,random_forest,random_5fold,1980,5,0.1349848572137627,0.013292513873579841,0.1565711900195952,0.0018119194438172587
S2,False,random_forest,random_5fold,1985,5,0.0897932056482869,0.013291612727155908,0.15750137920032153,0.0019682793690853975
S2,False,random_forest,random_5fold,1990,5,0.04200710989034473,0.011563483770361056,0.16156495506914337,0.002041730172412197
S2,False,random_forest,random_5fold,1995,5,0.04781065923797512,0.010840536303068533,0.14329544578235714,0.001737826856043439
S2,False,random_forest,random_5fold,2000,5,0.052632045883905285,0.00806063876364265,0.1270714022416987,0.0017724287157833813
S2,False,random_forest,random_5fold,2005,5,0.05760309001203865,0.0071059680911317495,0.10221230195080477,0.0019048183535304026
S2,False,random_forest,random_5fold,2010,5,0.06735918997209744,0.004574936211096008,0.07057885058969669,0.001464733738930156
S2,False,random_forest,random_5fold,2015,5,0.06560670777059005,0.0052491258035521635,0.040216701780885114,0.0010776534432138719
S2,False,random_forest,random_5fold,aggregate_trajectory_rmse,5,,,0.4117557220389544,0.004932061176103323
S2,False,random_forest,leave_region_out,1975,6,0.22949654537247213,0.1454680419651595,0.1799290743491937,0.051803764627700595
S2,False,random_forest,leave_region_out,1980,6,0.19478497369424685,0.14145367322915567,0.18004479945664917,0.05090780751058971
S2,False,random_forest,leave_region_out,1985,6,0.13687567589923122,0.13553211114472946,0.1788648036012355,0.04779298106051681
S2,False,random_forest,leave_region_out,1990,6,0.06525822048575686,0.12743500773088925,0.18008056895036137,0.043257651438935216
S2,False,random_forest,leave_region_out,1995,6,0.10626667125753793,0.1363745917737292,0.15409056400173374,0.03753311316738295
S2,False,random_forest,leave_region_out,2000,6,0.14610178600238874,0.16561712032429948,0.13062408246931953,0.027263295100032347
S2,False,random_forest,leave_region_out,2005,6,0.15085593374936093,0.1770154628899861,0.10332938774598056,0.022582828992447998
S2,False,random_forest,leave_region_out,2010,6,0.16099956938859936,0.18654916494997695,0.06900574290279009,0.0160533153025038
S2,False,random_forest,leave_region_out,2015,6,0.12149434836490593,0.16969678061564422,0.03529091002021124,0.011889486773012862
S2,False,random_forest,leave_region_out,aggregate_trajectory_rmse,6,,,0.449846471927932,0.1012314901922313
S2,True,null_mean,random_5fold,1975,5,0.0,0.0,0.17392010366540345,0.0018759960715716893
S2,True,null_mean,random_5fold,1980,5,0.0,0.0,0.17185963019722336,0.0018571950591489098
S2,True,null_mean,random_5fold,1985,5,0.0,0.0,0.16788336480291696,0.001973264414825512
S2,True,null_mean,random_5fold,1990,5,0.0,0.0,0.16750892906988984,0.001838734237730792
S2,True,null_mean,random_5fold,1995,5,0.0,0.0,0.14936155980132826,0.0016082000856291838
S2,True,null_mean,random_5fold,2000,5,0.0,0.0,0.13302148180132908,0.0014736513480979876
S2,True,null_mean,random_5fold,2005,5,0.0,0.0,0.1070220011486551,0.0016017236153526926
S2,True,null_mean,random_5fold,2010,5,0.0,0.0,0.07354724822176603,0.0014854664917706088
S2,True,null_mean,random_5fold,2015,5,0.0,0.0,0.041801942496785455,0.00106493438447087
S2,True,null_mean,random_5fold,aggregate_trajectory_rmse,5,,,0.43868623845371973,0.005123777407463154
S2,True,null_mean,leave_region_out,1975,6,0.0,0.0,0.21558708227388754,0.06619128300180124
S2,True,null_mean,leave_region_out,1980,6,0.0,0.0,0.21027550326040392,0.06387762626348509
S2,True,null_mean,leave_region_out,1985,6,0.0,0.0,0.2010560870174657,0.059025483644767375
S2,True,null_mean,leave_region_out,1990,6,0.0,0.0,0.1932200926334897,0.05183914137239662
S2,True,null_mean,leave_region_out,1995,6,0.0,0.0,0.17000621607148414,0.043155138889523784
S2,True,null_mean,leave_region_out,2000,6,0.0,0.0,0.1484458445140047,0.027028582398736546
S2,True,null_mean,leave_region_out,2005,6,0.0,0.0,0.11775826836119395,0.02044422218339945
S2,True,null_mean,leave_region_out,2010,6,0.0,0.0,0.07789079922992481,0.012581989804999374
S2,True,null_mean,leave_region_out,2015,6,0.0,0.0,0.038966983482942245,0.00814687234611456
S2,True,null_mean,leave_region_out,aggregate_trajectory_rmse,6,,,0.5080541901248062,0.12136377526108344
S2,True,ridge,random_5fold,1975,5,0.18820412663174724,0.01678594484773636,0.15321304208945802,0.0025731431236851645
S2,True,ridge,random_5fold,1980,5,0.16501412485712436,0.01624639686845001,0.1539620916376095,0.002564750951521508
S2,True,ridge,random_5fold,1985,5,0.12819198922105288,0.01474095734595873,0.15423873291082854,0.0023503955262086295
S2,True,ridge,random_5fold,1990,5,0.0831482266928281,0.012029664789301328,0.15803494890279227,0.001870217474518171
S2,True,ridge,random_5fold,1995,5,0.09151201628798773,0.013338212873931016,0.1401355638254959,0.0013621302681328272
S2,True,ridge,random_5fold,2000,5,0.08954528888863042,0.013658959978094588,0.12444085980961742,0.0010555536845499433
S2,True,ridge,random_5fold,2005,5,0.08500190084436665,0.011748176103400806,0.10035920705559047,0.001242127471855622
S2,True,ridge,random_5fold,2010,5,0.06859863944598768,0.012882168360038136,0.06978124600904663,0.0013004031368425224
S2,True,ridge,random_5fold,2015,5,0.03456432183392939,0.018150845088217137,0.04064905674989838,0.0012550968779276046
S2,True,ridge,random_5fold,aggregate_trajectory_rmse,5,,,0.40462949642617774,0.005106302369299037
S2,True,ridge,leave_region_out,1975,6,-0.2528392300356663,0.7795369861324403,0.23713022003771386,0.1229675941009245
S2,True,ridge,leave_region_out,1980,6,-0.2334592830624188,0.712692605357233,0.23036646102478212,0.11634598383856137
S2,True,ridge,leave_region_out,1985,6,-0.212002516564909,0.5950368982676798,0.2196991193758653,0.10428971245604271
S2,True,ridge,leave_region_out,1990,6,-0.2019634355675944,0.42845862480685587,0.21150684310010018,0.08831972242277876
S2,True,ridge,leave_region_out,1995,6,-0.15156379699400344,0.47620859208599703,0.1809264062342677,0.07728396154359024
S2,True,ridge,leave_region_out,2000,6,-0.09774244342483464,0.49963975801274624,0.15173559745044027,0.05801322267776289
S2,True,ridge,leave_region_out,2005,6,-0.09803351747318202,0.4998189419569793,0.1202111716479311,0.043372666251727726
S2,True,ridge,leave_region_out,2010,6,-0.10405501066007648,0.4647757036155501,0.07966694474372106,0.023265696652967082
S2,True,ridge,leave_region_out,2015,6,-0.07813636675711104,0.2208122880318735,0.03999559524767173,0.008894043342717537
S2,True,ridge,leave_region_out,aggregate_trajectory_rmse,6,,,0.5504055367695766,0.23231869466369545
S2,True,random_forest,random_5fold,1975,5,0.5899391446069036,0.019974054532969472,0.10339615882611763,0.0023963425554168697
S2,True,random_forest,random_5fold,1980,5,0.5699659926414142,0.020233564793385086,0.1043552755596651,0.0022527646493090037
S2,True,random_forest,random_5fold,1985,5,0.5349183873870255,0.020345172162876606,0.10590995025444631,0.0019994477176427296
S2,True,random_forest,random_5fold,1990,5,0.4893686035585006,0.020333441636885396,0.11030818356836784,0.0018299687611103177
S2,True,random_forest,random_5fold,1995,5,0.4815464813107657,0.021325439999385683,0.09887954087735228,0.0012968841235244236
S2,True,random_forest,random_5fold,2000,5,0.4412108847652848,0.021568101279323692,0.09092369825383981,0.0006787727974515646
S2,True,random_forest,random_5fold,2005,5,0.41863374932577957,0.023146010187783554,0.07401431082102862,0.0006991327242467349
S2,True,random_forest,random_5fold,2010,5,0.34942601976383897,0.03043796804209563,0.053458981829258144,0.0008036206232183049
S2,True,random_forest,random_5fold,2015,5,0.22914282694243573,0.036877410091568405,0.03420574094020669,0.0008243720159396339
S2,True,random_forest,random_5fold,aggregate_trajectory_rmse,5,,,0.28705937747212873,0.0045820576271278215
S2,True,random_forest,leave_region_out,1975,6,0.36988863140305267,0.20894423973695364,0.1543266250263923,0.03772896127017309
S2,True,random_forest,leave_region_out,1980,6,0.32473842502240674,0.216187636320231,0.15574174698010332,0.036166680430700156
S2,True,random_forest,leave_region_out,1985,6,0.23203418811682064,0.2503988867460395,0.15882185535386303,0.031487444028978
S2,True,random_forest,leave_region_out,1990,6,0.09852061357799431,0.3095463721738682,0.16625895632173515,0.023940360120539367
S2,True,random_forest,leave_region_out,1995,6,0.1816675385629526,0.21208804727244,0.14102957359999935,0.027606803554096192
S2,True,random_forest,leave_region_out,2000,6,0.24711290044736325,0.20436477423295743,0.1194929140030434,0.02992544419667741
S2,True,random_forest,leave_region_out,2005,6,0.24975762000634058,0.20708758846758799,0.09515017268411695,0.026350140790752635
S2,True,random_forest,leave_region_out,2010,6,0.22004918265104778,0.20327930421809412,0.06559814615834977,0.020314139830177273
S2,True,random_forest,leave_region_out,2015,6,0.03919248192914546,0.18497958352012842,0.03704755336320357,0.012958008634522124
S2,True,random_forest,leave_region_out,aggregate_trajectory_rmse,6,,,0.40606845766398414,0.07612423236512231
S3,False,null_mean,random_5fold,1975,5,0.0,0.0,0.17392010366540345,0.0018759960715716893
S3,False,null_mean,random_5fold,1980,5,0.0,0.0,0.17185963019722336,0.0018571950591489098
S3,False,null_mean,random_5fold,1985,5,0.0,0.0,0.16788336480291696,0.001973264414825512
S3,False,null_mean,random_5fold,1990,5,0.0,0.0,0.16750892906988984,0.001838734237730792
S3,False,null_mean,random_5fold,1995,5,0.0,0.0,0.14936155980132826,0.0016082000856291838
S3,False,null_mean,random_5fold,2000,5,0.0,0.0,0.13302148180132908,0.0014736513480979876
S3,False,null_mean,random_5fold,2005,5,0.0,0.0,0.1070220011486551,0.0016017236153526926
S3,False,null_mean,random_5fold,2010,5,0.0,0.0,0.07354724822176603,0.0014854664917706088
S3,False,null_mean,random_5fold,2015,5,0.0,0.0,0.041801942496785455,0.00106493438447087
S3,False,null_mean,random_5fold,aggregate_trajectory_rmse,5,,,0.43868623845371973,0.005123777407463154
S3,False,null_mean,leave_region_out,1975,6,0.0,0.0,0.21558708227388754,0.06619128300180124
S3,False,null_mean,leave_region_out,1980,6,0.0,0.0,0.21027550326040392,0.06387762626348509
S3,False,null_mean,leave_region_out,1985,6,0.0,0.0,0.2010560870174657,0.059025483644767375
S3,False,null_mean,leave_region_out,1990,6,0.0,0.0,0.1932200926334897,0.05183914137239662
S3,False,null_mean,leave_region_out,1995,6,0.0,0.0,0.17000621607148414,0.043155138889523784
S3,False,null_mean,leave_region_out,2000,6,0.0,0.0,0.1484458445140047,0.027028582398736546
S3,False,null_mean,leave_region_out,2005,6,0.0,0.0,0.11775826836119395,0.02044422218339945
S3,False,null_mean,leave_region_out,2010,6,0.0,0.0,0.07789079922992481,0.012581989804999374
S3,False,null_mean,leave_region_out,2015,6,0.0,0.0,0.038966983482942245,0.00814687234611456
S3,False,null_mean,leave_region_out,aggregate_trajectory_rmse,6,,,0.5080541901248062,0.12136377526108344
S3,False,ridge,random_5fold,1975,5,0.024924496195047375,0.0120758015116816,0.17039863540511282,0.001874612380090541
S3,False,ridge,random_5fold,1980,5,0.021715755721055708,0.009979222406495398,0.16888282060253104,0.001961066102583497
S3,False,ridge,random_5fold,1985,5,0.01678946133007426,0.007344608162535476,0.16578437885076736,0.0021685065880866087
S3,False,ridge,random_5fold,1990,5,0.010943981709835437,0.0046875467444841435,0.1661397634843512,0.0019635955342296825
S3,False,ridge,random_5fold,1995,5,0.012324036163315765,0.005333850884663707,0.1480557817267635,0.0017125189084199299
S3,False,ridge,random_5fold,2000,5,0.013761446589067217,0.005398898521711244,0.13172971876706416,0.0015114337685877377
S3,False,ridge,random_5fold,2005,5,0.014115840571206673,0.007456882287443122,0.10598215193902238,0.0017161072268566302
S3,False,ridge,random_5fold,2010,5,0.014732396251233727,0.012242699673789055,0.07286432409202273,0.0016308498607207824
S3,False,ridge,random_5fold,2015,5,0.012480791874003106,0.016421236547865772,0.041412289401412845,0.0012124107898412498
S3,False,ridge,random_5fold,aggregate_trajectory_rmse,5,,,0.4332981685559381,0.005460887562736236
S3,False,ridge,leave_region_out,1975,6,0.06366399313879313,0.06332207996028587,0.20459009500203906,0.0619157478579638
S3,False,ridge,leave_region_out,1980,6,0.05862111815393822,0.058791429862204085,0.20065604060253175,0.05990535776054429
S3,False,ridge,leave_region_out,1985,6,0.048442884576610966,0.05227551408607375,0.1933757863170511,0.05517944204373664
S3,False,ridge,leave_region_out,1990,6,0.03221607000734764,0.0435837518204459,0.18779683122161264,0.048111047780924045
S3,False,ridge,leave_region_out,1995,6,0.04005827348893528,0.048654016463223,0.16457837867813804,0.040379875235554905
S3,False,ridge,leave_region_out,2000,6,0.04709371236254273,0.05344453717294305,0.14311188166998237,0.02522396446154018
S3,False,ridge,leave_region_out,2005,6,0.050044971816753235,0.05418687019148964,0.11332919531003678,0.01946774982565508
S3,False,ridge,leave_region_out,2010,6,0.055580829855439974,0.051904943210220725,0.07491735880917523,0.012654570522230138
S3,False,ridge,leave_region_out,2015,6,0.03997904903995799,0.030383290897927247,0.037824141593600334,0.00857571425537258
S3,False,ridge,leave_region_out,aggregate_trajectory_rmse,6,,,0.48886722008652944,0.11311339010728877
S3,False,random_forest,random_5fold,1975,5,0.18621811825154994,0.010703077187159437,0.15301918389855168,0.0017781885867874066
S3,False,random_forest,random_5fold,1980,5,0.15134787993359283,0.01116715252627634,0.15488094036726632,0.0017989017853913172
S3,False,random_forest,random_5fold,1985,5,0.10127491133926822,0.011367662117364579,0.15640530281379106,0.0019022878443102106
S3,False,random_forest,random_5fold,1990,5,0.051646761425640376,0.01008808240674694,0.16065093026080168,0.0019609737563430563
S3,False,random_forest,random_5fold,1995,5,0.05716899328400602,0.009662664288214697,0.14252603298253544,0.0016350455727661421
S3,False,random_forest,random_5fold,2000,5,0.061445828599769346,0.008048748955462133,0.1264307576043818,0.0016365732055029563
S3,False,random_forest,random_5fold,2005,5,0.06786855908063993,0.007619192337233866,0.10164405467007705,0.0018349635734337378
S3,False,random_forest,random_5fold,2010,5,0.07984855785009852,0.007059168189168922,0.07010727782617553,0.001506184759616233
S3,False,random_forest,random_5fold,2015,5,0.08006314494647786,0.010327029228437146,0.039886195999722554,0.0011590732140712603
S3,False,random_forest,random_5fold,aggregate_trajectory_rmse,5,,,0.40831015769691026,0.004893528045437631
S3,False,random_forest,leave_region_out,1975,6,0.22239733280407,0.1537544252944009,0.18005453889146203,0.052934809511108294
S3,False,random_forest,leave_region_out,1980,6,0.18207594272883723,0.154465531896274,0.18071356530312657,0.05199606193253044
S3,False,random_forest,leave_region_out,1985,6,0.11584014355687854,0.15532160411475338,0.18049862937909614,0.048933066701973664
S3,False,random_forest,leave_region_out,1990,6,0.03517806760837929,0.1547788694299234,0.18252663080627549,0.04437390259776313
S3,False,random_forest,leave_region_out,1995,6,0.07194078452048112,0.17953943013341764,0.15683150297049878,0.03889253132721216
S3,False,random_forest,leave_region_out,2000,6,0.1117028823264818,0.2233191880480522,0.13304114286226248,0.029126142822227825
S3,False,random_forest,leave_region_out,2005,6,0.11639710551464848,0.24262402188825585,0.10542245265454718,0.024280970430436245
S3,False,random_forest,leave_region_out,2010,6,0.13520587419868116,0.2520609806757671,0.07026493544572225,0.017551712244673407
S3,False,random_forest,leave_region_out,2015,6,0.12493560592132275,0.18953328406084555,0.035398875534515345,0.012565648409745214
S3,False,random_forest,leave_region_out,aggregate_trajectory_rmse,6,,,0.4545056313664786,0.10497564572500717
S3,True,null_mean,random_5fold,1975,5,0.0,0.0,0.17392010366540345,0.0018759960715716893
S3,True,null_mean,random_5fold,1980,5,0.0,0.0,0.17185963019722336,0.0018571950591489098
S3,True,null_mean,random_5fold,1985,5,0.0,0.0,0.16788336480291696,0.001973264414825512
S3,True,null_mean,random_5fold,1990,5,0.0,0.0,0.16750892906988984,0.001838734237730792
S3,True,null_mean,random_5fold,1995,5,0.0,0.0,0.14936155980132826,0.0016082000856291838
S3,True,null_mean,random_5fold,2000,5,0.0,0.0,0.13302148180132908,0.0014736513480979876
S3,True,null_mean,random_5fold,2005,5,0.0,0.0,0.1070220011486551,0.0016017236153526926
S3,True,null_mean,random_5fold,2010,5,0.0,0.0,0.07354724822176603,0.0014854664917706088
S3,True,null_mean,random_5fold,2015,5,0.0,0.0,0.041801942496785455,0.00106493438447087
S3,True,null_mean,random_5fold,aggregate_trajectory_rmse,5,,,0.43868623845371973,0.005123777407463154
S3,True,null_mean,leave_region_out,1975,6,0.0,0.0,0.21558708227388754,0.06619128300180124
S3,True,null_mean,leave_region_out,1980,6,0.0,0.0,0.21027550326040392,0.06387762626348509
S3,True,null_mean,leave_region_out,1985,6,0.0,0.0,0.2010560870174657,0.059025483644767375
S3,True,null_mean,leave_region_out,1990,6,0.0,0.0,0.1932200926334897,0.05183914137239662
S3,True,null_mean,leave_region_out,1995,6,0.0,0.0,0.17000621607148414,0.043155138889523784
S3,True,null_mean,leave_region_out,2000,6,0.0,0.0,0.1484458445140047,0.027028582398736546
S3,True,null_mean,leave_region_out,2005,6,0.0,0.0,0.11775826836119395,0.02044422218339945
S3,True,null_mean,leave_region_out,2010,6,0.0,0.0,0.07789079922992481,0.012581989804999374
S3,True,null_mean,leave_region_out,2015,6,0.0,0.0,0.038966983482942245,0.00814687234611456
S3,True,null_mean,leave_region_out,aggregate_trajectory_rmse,6,,,0.5080541901248062,0.12136377526108344
S3,True,ridge,random_5fold,1975,5,0.18343378436486468,0.021569524539009774,0.153375137588717,0.0024966301603864013
S3,True,ridge,random_5fold,1980,5,0.16166565735255253,0.019189295559804587,0.15408098498800946,0.0024966748119220426
S3,True,ridge,random_5fold,1985,5,0.12669797098115398,0.01580127418989637,0.15428729793993107,0.002315676823625378
S3,True,ridge,random_5fold,1990,5,0.08350957006263968,0.012121081501320942,0.15801891563241707,0.0019250051853297314
S3,True,ridge,random_5fold,1995,5,0.09163180847030317,0.013347818280743311,0.1401423068189705,0.0013789675450521623
S3,True,ridge,random_5fold,2000,5,0.08929152093473944,0.01361539782825202,0.1244773320289713,0.0010266563832175433
S3,True,ridge,random_5fold,2005,5,0.08470842207671085,0.011599311920176205,0.10039799653540067,0.0012326877332063367
S3,True,ridge,random_5fold,2010,5,0.06815432154735639,0.012577890605482396,0.06981853639050023,0.0012907428384296945
S3,True,ridge,random_5fold,2015,5,0.03407260720348013,0.01795425284408369,0.04067004497226307,0.001244869196646537
S3,True,ridge,random_5fold,aggregate_trajectory_rmse,5,,,0.4048018111212726,0.0049765113109073306
S3,True,ridge,leave_region_out,1975,6,-0.26500635654861077,0.7690893441378577,0.23771192871364363,0.12220735760233087
S3,True,ridge,leave_region_out,1980,6,-0.24447929821338008,0.7014945064103032,0.2308377740300266,0.11551514125930198
S3,True,ridge,leave_region_out,1985,6,-0.22044185199557062,0.5830600770848411,0.220019779417994,0.10337135822688633
S3,True,ridge,leave_region_out,1990,6,-0.2061540188974713,0.41641050620264775,0.2115881469589934,0.08738514382259609
S3,True,ridge,leave_region_out,1995,6,-0.15736248431246488,0.4641621422961621,0.18114520898226646,0.07638732178628077
S3,True,ridge,leave_region_out,2000,6,-0.10391906003199491,0.4892731463437013,0.15202745667958104,0.057274790160399665
S3,True,ridge,leave_region_out,2005,6,-0.1049644106242878,0.48965668517425853,0.12048023176462382,0.042757179405602995
S3,True,ridge,leave_region_out,2010,6,-0.1109126158813384,0.4558440663071471,0.07984009001321063,0.022876191449258846
S3,True,ridge,leave_region_out,2015,6,-0.08294881723593273,0.2172614876852158,0.04008935254623099,0.008824241869971014
S3,True,ridge,leave_region_out,aggregate_trajectory_rmse,6,,,0.5512490786459617,0.23012781593211748
S3,True,random_forest,random_5fold,1975,5,0.5913004892016047,0.019051650636979434,0.10322459264262922,0.0023584139159025185
S3,True,random_forest,random_5fold,1980,5,0.5708861721405317,0.0192136646768777,0.10425671230169739,0.002200286425984151
S3,True,random_forest,random_5fold,1985,5,0.5352099081207361,0.0193136766133914,0.105913908007361,0.0019415761638853278
S3,True,random_forest,random_5fold,1990,5,0.4889090991421252,0.01941230339634265,0.11035906922996719,0.0018068642916036289
S3,True,random_forest,random_5fold,1995,5,0.4818126589198852,0.02020713216372517,0.09885263198968744,0.001238077158258684
S3,True,random_forest,random_5fold,2000,5,0.442417351310506,0.020119520171027874,0.0909087632449191,0.000626291237961872
S3,True,random_forest,random_5fold,2005,5,0.42080542300023416,0.02166467134120708,0.0739895018491124,0.0007107396443949317
S3,True,random_forest,random_5fold,2010,5,0.3530865250924681,0.029715684817121467,0.05343454079910994,0.0008243246608513541
S3,True,random_forest,random_5fold,2015,5,0.23314489767441962,0.03782098919131652,0.03418162595092035,0.0008439654797402194
S3,True,random_forest,random_5fold,aggregate_trajectory_rmse,5,,,0.2869240929739448,0.004473139135821713
S3,True,random_forest,leave_region_out,1975,6,0.37866709464273524,0.21358499220361005,0.15267351355501713,0.03853254296289477
S3,True,random_forest,leave_region_out,1980,6,0.3328852552359565,0.2201355967481802,0.1543760840145889,0.03677911412050853
S3,True,random_forest,leave_region_out,1985,6,0.23982140155922385,0.25080325619015265,0.1579674828677558,0.03186235173140335
S3,True,random_forest,leave_region_out,1990,6,0.10580290504512628,0.30309878608330315,0.16579118700524145,0.024214182551464174
S3,True,random_forest,leave_region_out,1995,6,0.1877806090703763,0.21431323463147756,0.1405475388736766,0.02808638969034633
S3,True,random_forest,leave_region_out,2000,6,0.25114200188155206,0.2162982693394892,0.11920016364116687,0.030477991373873043
S3,True,random_forest,leave_region_out,2005,6,0.2539961946418411,0.2217637047070144,0.09493518273101625,0.026886884593501352
S3,True,random_forest,leave_region_out,2010,6,0.22966202243773914,0.2151533980770701,0.0653594470347345,0.020662685127456375
S3,True,random_forest,leave_region_out,2015,6,0.058721951305183186,0.16770188307010964,0.0367228173125042,0.012877795331413356
S3,True,random_forest,leave_region_out,aggregate_trajectory_rmse,6,,,0.40393038828014677,0.07749672618402875
