city_i,city_j,region_i,region_j,D_SC,D_H,present_state_similarity_summary,history_difference_summary,qc_flags
UC_3157,UC_3325,Asia,Asia,0.07244570391929965,2.787414034812633,"pop_i=88763, pop_j=68616, bus_i=4874549, bus_j=4146127","bus_1975_i=7793, bus_1975_j=3638711, bus_2000_i=11410, bus_2000_j=4039654",none_primary_sample
UC_4047,UC_4246,Asia,Asia,0.041297137336995714,2.504303826687606,"pop_i=56903, pop_j=103492, bus_i=432409, bus_j=799449","bus_1975_i=295389, bus_1975_j=14858, bus_2000_i=403615, bus_2000_j=22660",none_primary_sample
UC_4246,UC_4474,Asia,Asia,0.015824147718079877,2.334314485922182,"pop_i=103492, pop_j=100491, bus_i=799449, bus_j=772259","bus_1975_i=14858, bus_1975_j=491064, bus_2000_i=22660, bus_2000_j=669078",none_primary_sample
UC_4246,UC_5154,Asia,Asia,0.07579952907796966,2.2825377452884705,"pop_i=103492, pop_j=109887, bus_i=799449, bus_j=887093","bus_1975_i=14858, bus_1975_j=479976, bus_2000_i=22660, bus_2000_j=808016",none_primary_sample
UC_2730,UC_4246,Asia,Asia,0.07300016516902427,2.2761490674406946,"pop_i=54293, pop_j=103492, bus_i=409526, bus_j=799449","bus_1975_i=247211, bus_1975_j=14858, bus_2000_i=345289, bus_2000_j=22660",none_primary_sample
UC_3157,UC_3214,Asia,Asia,0.07428490710036198,2.2692175526421865,"pop_i=88763, pop_j=60464, bus_i=4874549, bus_j=3698664","bus_1975_i=7793, bus_1975_j=2005566, bus_2000_i=11410, bus_2000_j=3039037",none_primary_sample
UC_2602,UC_4246,Asia,Asia,0.06954062097250473,1.9428744852755264,"pop_i=110758, pop_j=103492, bus_i=891640, bus_j=799449","bus_1975_i=371291, bus_1975_j=14858, bus_2000_i=635851, bus_2000_j=22660",none_primary_sample
UC_9094,UC_9708,Asia,Asia,0.06844876170789307,1.9377732444971179,"pop_i=137014, pop_j=103593, bus_i=2526501, bus_j=2024409","bus_1975_i=1348918, bus_1975_j=53717, bus_2000_i=2231427, bus_2000_j=303131",none_primary_sample
UC_1208,UC_6490,Africa,Africa,0.06635914379046844,1.8660740071364306,"pop_i=246854, pop_j=258238, bus_i=12514032, bus_j=10798803","bus_1975_i=9902640, bus_1975_j=683770, bus_2000_i=11644617, bus_2000_j=3341712",none_primary_sample
UC_550,UC_2348,Africa,Africa,0.057515342260570014,1.8568708302104475,"pop_i=64616, pop_j=55079, bus_i=6753946, bus_j=5867312","bus_1975_i=4199846, bus_1975_j=109497, bus_2000_i=5342397, bus_2000_j=377378",none_primary_sample
UC_593,UC_6908,Africa,Africa,0.07645396311602154,1.716321413221456,"pop_i=143265, pop_j=104841, bus_i=4616445, bus_j=3063174","bus_1975_i=210503, bus_1975_j=1376167, bus_2000_i=939025, bus_2000_j=2515194",none_primary_sample
UC_4001,UC_4903,Asia,Asia,0.07543308958599894,1.6887408543051212,"pop_i=65485, pop_j=65928, bus_i=857749, bus_j=823770","bus_1975_i=573059, bus_1975_j=69292, bus_2000_i=819074, bus_2000_j=219980",none_primary_sample
UC_2569,UC_2888,Africa,Africa,0.06537480580050777,1.6729240490095965,"pop_i=65321, pop_j=58539, bus_i=1185331, bus_j=949006","bus_1975_i=111859, bus_1975_j=599939, bus_2000_i=380113, bus_2000_j=892540",none_primary_sample
UC_2568,UC_2949,Africa,Africa,0.054957349767506,1.6521211469104844,"pop_i=77311, pop_j=60299, bus_i=2007306, bus_j=1597226","bus_1975_i=86295, bus_1975_j=879433, bus_2000_i=541823, bus_2000_j=1447550",none_primary_sample
UC_768,UC_2312,Asia,Asia,0.05769621507147482,1.6483890724198627,"pop_i=87915, pop_j=93067, bus_i=3535277, bus_j=4215769","bus_1975_i=222872, bus_1975_j=3128401, bus_2000_i=1420531, bus_2000_j=3729739",none_primary_sample
UC_3270,UC_3325,Asia,Asia,0.04432776162256514,1.6290124392304732,"pop_i=68503, pop_j=68616, bus_i=5511542, bus_j=4146127","bus_1975_i=912257, bus_1975_j=3638711, bus_2000_i=3297088, bus_2000_j=4039654",none_primary_sample
UC_5650,UC_6908,Africa,Africa,0.07550401895154525,1.60377376616568,"pop_i=141428, pop_j=104841, bus_i=4464645, bus_j=3063174","bus_1975_i=367625, bus_1975_j=1376167, bus_2000_i=1024149, bus_2000_j=2515194",none_primary_sample
UC_5961,UC_7271,Asia,Asia,0.05247587517480675,1.5911617374370473,"pop_i=73380, pop_j=73023, bus_i=1743411, bus_j=1584721","bus_1975_i=1011399, bus_1975_j=271401, bus_2000_i=1569264, bus_2000_j=488968",none_primary_sample
UC_8739,UC_9443,Asia,Asia,0.06769838168838603,1.5861263019465326,"pop_i=102172, pop_j=76049, bus_i=2019115, bus_j=1405746","bus_1975_i=39884, bus_1975_j=761584, bus_2000_i=403032, bus_2000_j=1162392",none_primary_sample
UC_896,UC_2312,Asia,Asia,0.05918098317901795,1.585101189580586,"pop_i=90319, pop_j=93067, bus_i=4026668, bus_j=4215769","bus_1975_i=488877, bus_1975_j=3128401, bus_2000_i=1517125, bus_2000_j=3729739",none_primary_sample
UC_768,UC_2154,Asia,Asia,0.0746755509119272,1.5817343269461273,"pop_i=87915, pop_j=54488, bus_i=3535277, bus_j=1841561","bus_1975_i=222872, bus_1975_j=1331188, bus_2000_i=1420531, bus_2000_j=1590903",none_primary_sample
UC_2569,UC_3070,Africa,Africa,0.07520785375896917,1.5641026929480701,"pop_i=65321, pop_j=52465, bus_i=1185331, bus_j=896897","bus_1975_i=111859, bus_1975_j=556910, bus_2000_i=380113, bus_2000_j=783548",none_primary_sample
UC_6333,UC_6442,North America,North America,0.07131311022375113,1.555257831819707,"pop_i=55959, pop_j=61192, bus_i=6832642, bus_j=7255417","bus_1975_i=4252945, bus_1975_j=488266, bus_2000_i=5489196, bus_2000_j=1338651",none_primary_sample
UC_5786,UC_6928,Asia,Asia,0.024188640821848323,1.548238622023434,"pop_i=54350, pop_j=64241, bus_i=746210, bus_j=884316","bus_1975_i=20124, bus_1975_j=473648, bus_2000_i=282481, bus_2000_j=830279",none_primary_sample
UC_11478,UC_11306,Asia,Asia,0.06943928567516272,1.546072258023874,"pop_i=156008, pop_j=91262, bus_i=2458992, bus_j=1400602","bus_1975_i=1270182, bus_1975_j=34469, bus_2000_i=2259223, bus_2000_j=469152",none_primary_sample
UC_323,UC_3524,Asia,Asia,0.05030258982386186,1.5042665392278587,"pop_i=59453, pop_j=54887, bus_i=2645679, bus_j=2321843","bus_1975_i=70680, bus_1975_j=1015813, bus_2000_i=821371, bus_2000_j=2158064",none_primary_sample
UC_2569,UC_3714,Africa,Africa,0.05049564114436046,1.5022340532670826,"pop_i=65321, pop_j=71059, bus_i=1185331, bus_j=1328613","bus_1975_i=111859, bus_1975_j=698790, bus_2000_i=380113, bus_2000_j=1135930",none_primary_sample
UC_10214,UC_10270,Asia,Asia,0.0616218556084028,1.4956327449901778,"pop_i=73883, pop_j=84056, bus_i=1342358, bus_j=1596067","bus_1975_i=60977, bus_1975_j=918461, bus_2000_i=284327, bus_2000_j=1320833",none_primary_sample
UC_11498,UC_11306,Asia,Asia,0.07363849399247939,1.4921857996892167,"pop_i=89835, pop_j=91262, bus_i=1380229, bus_j=1400602","bus_1975_i=702197, bus_1975_j=34469, bus_2000_i=1217854, bus_2000_j=469152",none_primary_sample
UC_5419,UC_6928,Asia,Asia,0.031592706538252274,1.4915923206854587,"pop_i=58943, pop_j=64241, bus_i=804335, bus_j=884316","bus_1975_i=19630, bus_1975_j=473648, bus_2000_i=355111, bus_2000_j=830279",none_primary_sample
UC_10992,UC_11020,Asia,Asia,0.07878116649463528,1.4888747933743534,"pop_i=89732, pop_j=74057, bus_i=2492732, bus_j=2556515","bus_1975_i=953772, bus_1975_j=2508, bus_2000_i=1884159, bus_2000_j=64043",none_primary_sample
UC_3783,UC_4396,Asia,Asia,0.0586230107757894,1.4868746749352062,"pop_i=119272, pop_j=151041, bus_i=2465554, bus_j=2883515","bus_1975_i=111366, bus_1975_j=1744260, bus_2000_i=1395928, bus_2000_j=2611363",none_primary_sample
UC_9383,UC_9263,Asia,Asia,0.06555360029943548,1.4741346766421166,"pop_i=53191, pop_j=64066, bus_i=2593329, bus_j=3987733","bus_1975_i=1379519, bus_1975_j=128114, bus_2000_i=2051698, bus_2000_j=647622",none_primary_sample
UC_6618,UC_6886,Asia,Asia,0.05790328079170889,1.4664841532476918,"pop_i=179993, pop_j=152684, bus_i=2659298, bus_j=2467511","bus_1975_i=108507, bus_1975_j=1010995, bus_2000_i=733330, bus_2000_j=2056495",none_primary_sample
UC_7547,UC_11434,Asia,Asia,0.07410639832480387,1.464054667262083,"pop_i=104124, pop_j=152147, bus_i=1133078, bus_j=1603188","bus_1975_i=311672, bus_1975_j=22316, bus_2000_i=910118, bus_2000_j=329224",none_primary_sample
UC_11506,UC_11316,Asia,Asia,0.06408501626440744,1.4563903696688394,"pop_i=183837, pop_j=178975, bus_i=3360353, bus_j=3591627","bus_1975_i=1640723, bus_1975_j=192330, bus_2000_i=3153843, bus_2000_j=1708270",none_primary_sample
UC_622,UC_1814,Asia,Asia,0.07353178705499816,1.4523549305621937,"pop_i=82915, pop_j=64414, bus_i=5068124, bus_j=3201624","bus_1975_i=181019, bus_1975_j=2112610, bus_2000_i=3747558, bus_2000_j=2893616",none_primary_sample
UC_6654,UC_8233,Africa,Africa,0.07362999206495965,1.4450648773244952,"pop_i=77417, pop_j=56302, bus_i=1660709, bus_j=1208834","bus_1975_i=950169, bus_1975_j=64245, bus_2000_i=1202881, bus_2000_j=263480",none_primary_sample
UC_1682,UC_4060,Africa,Africa,0.07393258754439008,1.4422313546468992,"pop_i=99808, pop_j=140876, bus_i=5837474, bus_j=8174382","bus_1975_i=1454362, bus_1975_j=5604800, bus_2000_i=2098305, bus_2000_j=7312512",none_primary_sample
UC_6678,UC_11358,Asia,Asia,0.04957725153194166,1.4201579685615873,"pop_i=61352, pop_j=80423, bus_i=1024939, bus_j=1438298","bus_1975_i=29047, bus_1975_j=158290, bus_2000_i=199130, bus_2000_j=1189379",none_primary_sample
UC_7879,UC_6328,Asia,Asia,0.07007341617467822,1.4102635129163823,"pop_i=72510, pop_j=67423, bus_i=3541571, bus_j=2692718","bus_1975_i=92521, bus_1975_j=1058563, bus_2000_i=684455, bus_2000_j=2282508",none_primary_sample
UC_4860,UC_5019,Africa,Africa,0.038624899104395795,1.4087802326549128,"pop_i=74382, pop_j=64143, bus_i=1968753, bus_j=1881148","bus_1975_i=965140, bus_1975_j=132359, bus_2000_i=1547001, bus_2000_j=428043",none_primary_sample
UC_11306,UC_11464,Asia,Asia,0.04222508931402641,1.4074112983964482,"pop_i=91262, pop_j=103585, bus_i=1400602, bus_j=1694284","bus_1975_i=34469, bus_1975_j=660278, bus_2000_i=469152, bus_2000_j=1541215",none_primary_sample
UC_10118,UC_10214,Asia,Asia,0.040445806333113864,1.4056484623086114,"pop_i=65462, pop_j=73883, bus_i=1240238, bus_j=1342358","bus_1975_i=562485, bus_1975_j=60977, bus_2000_i=1048597, bus_2000_j=284327",none_primary_sample
UC_1183,UC_2422,Africa,Africa,0.06656017080651351,1.385102663767717,"pop_i=74715, pop_j=101623, bus_i=7821110, bus_j=9766913","bus_1975_i=335136, bus_1975_j=5328900, bus_2000_i=1087101, bus_2000_j=6441454",none_primary_sample
UC_11306,UC_10968,Asia,Asia,0.055076681655252716,1.38438289368051,"pop_i=91262, pop_j=64554, bus_i=1400602, bus_j=945689","bus_1975_i=34469, bus_1975_j=417707, bus_2000_i=469152, bus_2000_j=855510",none_primary_sample
UC_9648,UC_10270,Asia,Asia,0.06027786718107415,1.3810621115165322,"pop_i=72080, pop_j=84056, bus_i=1539778, bus_j=1596067","bus_1975_i=84735, bus_1975_j=918461, bus_2000_i=503512, bus_2000_j=1320833",none_primary_sample
UC_6035,UC_8078,Asia,Asia,0.06222163769605045,1.3802989676844388,"pop_i=79077, pop_j=50846, bus_i=4067263, bus_j=2529662","bus_1975_i=1721649, bus_1975_j=19075, bus_2000_i=3202680, bus_2000_j=399007",none_primary_sample
UC_42,UC_530,Europe,Europe,0.05087647102126808,1.3758957039120707,"pop_i=60545, pop_j=69792, bus_i=3255397, bus_j=4501003","bus_1975_i=2920286, bus_1975_j=1631839, bus_2000_i=3197120, bus_2000_j=2243026",none_primary_sample
UC_5846,UC_6678,Asia,Asia,0.04482980816334172,1.3731938977268698,"pop_i=67425, pop_j=61352, bus_i=1031741, bus_j=1024939","bus_1975_i=131536, bus_1975_j=29047, bus_2000_i=800639, bus_2000_j=199130",none_primary_sample
