field_name,field_description,unit,year,variable_family,direct_or_derived,candidate_role,usable_for_gate1,caveat,official_source
GH_BUS_TOT_1975,Total built-up surface within fixed (2025-reference) urban centre boundary,m2,1975,built_up_surface,direct,H (primary) / S endpoint,YES,"Boundary is fixed at 2025 reference delineation for all epochs (see Section 6/caveat); 2025/2030 epochs excluded as model-projected, not observed.","GHS-UCDB R2024A V1.2, theme GHSL / General Characteristics / Geography / UC_centroids (JRC, DOI 10.2905/1a338be6-7eaf-480c-9664-3a8ade88cbcd)"
GH_POP_TOT_1975,Total population within fixed urban centre boundary,persons,1975,population,direct,S / secondary H candidate,YES,Same fixed-boundary caveat as GH_BUS_TOT.,"GHS-UCDB R2024A V1.2, theme GHSL / General Characteristics / Geography / UC_centroids (JRC, DOI 10.2905/1a338be6-7eaf-480c-9664-3a8ade88cbcd)"
GH_BUV_TOT_1975,Total built-up volume within fixed urban centre boundary,m3 (approx.),1975,built_up_volume,direct,S3 component,YES,Same fixed-boundary caveat.,"GHS-UCDB R2024A V1.2, theme GHSL / General Characteristics / Geography / UC_centroids (JRC, DOI 10.2905/1a338be6-7eaf-480c-9664-3a8ade88cbcd)"
GH_BUS_TOT_1980,Total built-up surface within fixed (2025-reference) urban centre boundary,m2,1980,built_up_surface,direct,H (primary) / S endpoint,YES,"Boundary is fixed at 2025 reference delineation for all epochs (see Section 6/caveat); 2025/2030 epochs excluded as model-projected, not observed.","GHS-UCDB R2024A V1.2, theme GHSL / General Characteristics / Geography / UC_centroids (JRC, DOI 10.2905/1a338be6-7eaf-480c-9664-3a8ade88cbcd)"
GH_POP_TOT_1980,Total population within fixed urban centre boundary,persons,1980,population,direct,S / secondary H candidate,YES,Same fixed-boundary caveat as GH_BUS_TOT.,"GHS-UCDB R2024A V1.2, theme GHSL / General Characteristics / Geography / UC_centroids (JRC, DOI 10.2905/1a338be6-7eaf-480c-9664-3a8ade88cbcd)"
GH_BUV_TOT_1980,Total built-up volume within fixed urban centre boundary,m3 (approx.),1980,built_up_volume,direct,S3 component,YES,Same fixed-boundary caveat.,"GHS-UCDB R2024A V1.2, theme GHSL / General Characteristics / Geography / UC_centroids (JRC, DOI 10.2905/1a338be6-7eaf-480c-9664-3a8ade88cbcd)"
GH_BUS_TOT_1985,Total built-up surface within fixed (2025-reference) urban centre boundary,m2,1985,built_up_surface,direct,H (primary) / S endpoint,YES,"Boundary is fixed at 2025 reference delineation for all epochs (see Section 6/caveat); 2025/2030 epochs excluded as model-projected, not observed.","GHS-UCDB R2024A V1.2, theme GHSL / General Characteristics / Geography / UC_centroids (JRC, DOI 10.2905/1a338be6-7eaf-480c-9664-3a8ade88cbcd)"
GH_POP_TOT_1985,Total population within fixed urban centre boundary,persons,1985,population,direct,S / secondary H candidate,YES,Same fixed-boundary caveat as GH_BUS_TOT.,"GHS-UCDB R2024A V1.2, theme GHSL / General Characteristics / Geography / UC_centroids (JRC, DOI 10.2905/1a338be6-7eaf-480c-9664-3a8ade88cbcd)"
GH_BUV_TOT_1985,Total built-up volume within fixed urban centre boundary,m3 (approx.),1985,built_up_volume,direct,S3 component,YES,Same fixed-boundary caveat.,"GHS-UCDB R2024A V1.2, theme GHSL / General Characteristics / Geography / UC_centroids (JRC, DOI 10.2905/1a338be6-7eaf-480c-9664-3a8ade88cbcd)"
GH_BUS_TOT_1990,Total built-up surface within fixed (2025-reference) urban centre boundary,m2,1990,built_up_surface,direct,H (primary) / S endpoint,YES,"Boundary is fixed at 2025 reference delineation for all epochs (see Section 6/caveat); 2025/2030 epochs excluded as model-projected, not observed.","GHS-UCDB R2024A V1.2, theme GHSL / General Characteristics / Geography / UC_centroids (JRC, DOI 10.2905/1a338be6-7eaf-480c-9664-3a8ade88cbcd)"
GH_POP_TOT_1990,Total population within fixed urban centre boundary,persons,1990,population,direct,S / secondary H candidate,YES,Same fixed-boundary caveat as GH_BUS_TOT.,"GHS-UCDB R2024A V1.2, theme GHSL / General Characteristics / Geography / UC_centroids (JRC, DOI 10.2905/1a338be6-7eaf-480c-9664-3a8ade88cbcd)"
GH_BUV_TOT_1990,Total built-up volume within fixed urban centre boundary,m3 (approx.),1990,built_up_volume,direct,S3 component,YES,Same fixed-boundary caveat.,"GHS-UCDB R2024A V1.2, theme GHSL / General Characteristics / Geography / UC_centroids (JRC, DOI 10.2905/1a338be6-7eaf-480c-9664-3a8ade88cbcd)"
GH_BUS_TOT_1995,Total built-up surface within fixed (2025-reference) urban centre boundary,m2,1995,built_up_surface,direct,H (primary) / S endpoint,YES,"Boundary is fixed at 2025 reference delineation for all epochs (see Section 6/caveat); 2025/2030 epochs excluded as model-projected, not observed.","GHS-UCDB R2024A V1.2, theme GHSL / General Characteristics / Geography / UC_centroids (JRC, DOI 10.2905/1a338be6-7eaf-480c-9664-3a8ade88cbcd)"
GH_POP_TOT_1995,Total population within fixed urban centre boundary,persons,1995,population,direct,S / secondary H candidate,YES,Same fixed-boundary caveat as GH_BUS_TOT.,"GHS-UCDB R2024A V1.2, theme GHSL / General Characteristics / Geography / UC_centroids (JRC, DOI 10.2905/1a338be6-7eaf-480c-9664-3a8ade88cbcd)"
GH_BUV_TOT_1995,Total built-up volume within fixed urban centre boundary,m3 (approx.),1995,built_up_volume,direct,S3 component,YES,Same fixed-boundary caveat.,"GHS-UCDB R2024A V1.2, theme GHSL / General Characteristics / Geography / UC_centroids (JRC, DOI 10.2905/1a338be6-7eaf-480c-9664-3a8ade88cbcd)"
GH_BUS_TOT_2000,Total built-up surface within fixed (2025-reference) urban centre boundary,m2,2000,built_up_surface,direct,H (primary) / S endpoint,YES,"Boundary is fixed at 2025 reference delineation for all epochs (see Section 6/caveat); 2025/2030 epochs excluded as model-projected, not observed.","GHS-UCDB R2024A V1.2, theme GHSL / General Characteristics / Geography / UC_centroids (JRC, DOI 10.2905/1a338be6-7eaf-480c-9664-3a8ade88cbcd)"
GH_POP_TOT_2000,Total population within fixed urban centre boundary,persons,2000,population,direct,S / secondary H candidate,YES,Same fixed-boundary caveat as GH_BUS_TOT.,"GHS-UCDB R2024A V1.2, theme GHSL / General Characteristics / Geography / UC_centroids (JRC, DOI 10.2905/1a338be6-7eaf-480c-9664-3a8ade88cbcd)"
GH_BUV_TOT_2000,Total built-up volume within fixed urban centre boundary,m3 (approx.),2000,built_up_volume,direct,S3 component,YES,Same fixed-boundary caveat.,"GHS-UCDB R2024A V1.2, theme GHSL / General Characteristics / Geography / UC_centroids (JRC, DOI 10.2905/1a338be6-7eaf-480c-9664-3a8ade88cbcd)"
GH_BUS_TOT_2005,Total built-up surface within fixed (2025-reference) urban centre boundary,m2,2005,built_up_surface,direct,H (primary) / S endpoint,YES,"Boundary is fixed at 2025 reference delineation for all epochs (see Section 6/caveat); 2025/2030 epochs excluded as model-projected, not observed.","GHS-UCDB R2024A V1.2, theme GHSL / General Characteristics / Geography / UC_centroids (JRC, DOI 10.2905/1a338be6-7eaf-480c-9664-3a8ade88cbcd)"
GH_POP_TOT_2005,Total population within fixed urban centre boundary,persons,2005,population,direct,S / secondary H candidate,YES,Same fixed-boundary caveat as GH_BUS_TOT.,"GHS-UCDB R2024A V1.2, theme GHSL / General Characteristics / Geography / UC_centroids (JRC, DOI 10.2905/1a338be6-7eaf-480c-9664-3a8ade88cbcd)"
GH_BUV_TOT_2005,Total built-up volume within fixed urban centre boundary,m3 (approx.),2005,built_up_volume,direct,S3 component,YES,Same fixed-boundary caveat.,"GHS-UCDB R2024A V1.2, theme GHSL / General Characteristics / Geography / UC_centroids (JRC, DOI 10.2905/1a338be6-7eaf-480c-9664-3a8ade88cbcd)"
GH_BUS_TOT_2010,Total built-up surface within fixed (2025-reference) urban centre boundary,m2,2010,built_up_surface,direct,H (primary) / S endpoint,YES,"Boundary is fixed at 2025 reference delineation for all epochs (see Section 6/caveat); 2025/2030 epochs excluded as model-projected, not observed.","GHS-UCDB R2024A V1.2, theme GHSL / General Characteristics / Geography / UC_centroids (JRC, DOI 10.2905/1a338be6-7eaf-480c-9664-3a8ade88cbcd)"
GH_POP_TOT_2010,Total population within fixed urban centre boundary,persons,2010,population,direct,S / secondary H candidate,YES,Same fixed-boundary caveat as GH_BUS_TOT.,"GHS-UCDB R2024A V1.2, theme GHSL / General Characteristics / Geography / UC_centroids (JRC, DOI 10.2905/1a338be6-7eaf-480c-9664-3a8ade88cbcd)"
GH_BUV_TOT_2010,Total built-up volume within fixed urban centre boundary,m3 (approx.),2010,built_up_volume,direct,S3 component,YES,Same fixed-boundary caveat.,"GHS-UCDB R2024A V1.2, theme GHSL / General Characteristics / Geography / UC_centroids (JRC, DOI 10.2905/1a338be6-7eaf-480c-9664-3a8ade88cbcd)"
GH_BUS_TOT_2015,Total built-up surface within fixed (2025-reference) urban centre boundary,m2,2015,built_up_surface,direct,H (primary) / S endpoint,YES,"Boundary is fixed at 2025 reference delineation for all epochs (see Section 6/caveat); 2025/2030 epochs excluded as model-projected, not observed.","GHS-UCDB R2024A V1.2, theme GHSL / General Characteristics / Geography / UC_centroids (JRC, DOI 10.2905/1a338be6-7eaf-480c-9664-3a8ade88cbcd)"
GH_POP_TOT_2015,Total population within fixed urban centre boundary,persons,2015,population,direct,S / secondary H candidate,YES,Same fixed-boundary caveat as GH_BUS_TOT.,"GHS-UCDB R2024A V1.2, theme GHSL / General Characteristics / Geography / UC_centroids (JRC, DOI 10.2905/1a338be6-7eaf-480c-9664-3a8ade88cbcd)"
GH_BUV_TOT_2015,Total built-up volume within fixed urban centre boundary,m3 (approx.),2015,built_up_volume,direct,S3 component,YES,Same fixed-boundary caveat.,"GHS-UCDB R2024A V1.2, theme GHSL / General Characteristics / Geography / UC_centroids (JRC, DOI 10.2905/1a338be6-7eaf-480c-9664-3a8ade88cbcd)"
GH_BUS_TOT_2020,Total built-up surface within fixed (2025-reference) urban centre boundary,m2,2020,built_up_surface,direct,H (primary) / S endpoint,YES,"Boundary is fixed at 2025 reference delineation for all epochs (see Section 6/caveat); 2025/2030 epochs excluded as model-projected, not observed.","GHS-UCDB R2024A V1.2, theme GHSL / General Characteristics / Geography / UC_centroids (JRC, DOI 10.2905/1a338be6-7eaf-480c-9664-3a8ade88cbcd)"
GH_POP_TOT_2020,Total population within fixed urban centre boundary,persons,2020,population,direct,S / secondary H candidate,YES,Same fixed-boundary caveat as GH_BUS_TOT.,"GHS-UCDB R2024A V1.2, theme GHSL / General Characteristics / Geography / UC_centroids (JRC, DOI 10.2905/1a338be6-7eaf-480c-9664-3a8ade88cbcd)"
GH_BUV_TOT_2020,Total built-up volume within fixed urban centre boundary,m3 (approx.),2020,built_up_volume,direct,S3 component,YES,Same fixed-boundary caveat.,"GHS-UCDB R2024A V1.2, theme GHSL / General Characteristics / Geography / UC_centroids (JRC, DOI 10.2905/1a338be6-7eaf-480c-9664-3a8ade88cbcd)"
GC_UCN_MAI_2025,Main urban centre name,text,2025,identification,direct,identification only,NO,Not used as a model feature.,"GHS-UCDB R2024A V1.2, theme GHSL / General Characteristics / Geography / UC_centroids (JRC, DOI 10.2905/1a338be6-7eaf-480c-9664-3a8ade88cbcd)"
GC_CNT_GAD_2025,Country name (GADM),text,2025,identification,direct,C (region mapping input),YES,Mapped to 6-region scheme for leave-region-out validation and permutation strata.,"GHS-UCDB R2024A V1.2, theme GHSL / General Characteristics / Geography / UC_centroids (JRC, DOI 10.2905/1a338be6-7eaf-480c-9664-3a8ade88cbcd)"
GC_UCB_YOB_2025,Year urban centre first qualified under Degree-of-Urbanisation criteria,year,2025,identification,direct,QC / sample exclusion,YES,Cities with YOB > endpoint year T excluded from primary sample.,"GHS-UCDB R2024A V1.2, theme GHSL / General Characteristics / Geography / UC_centroids (JRC, DOI 10.2905/1a338be6-7eaf-480c-9664-3a8ade88cbcd)"
GC_UCB_YOD_2025,Last year urban centre is projected to still qualify,year,2025,identification,direct,QC informational,NO,Almost all cities have YOD=2030 (not dissolving); minor informational field.,"GHS-UCDB R2024A V1.2, theme GHSL / General Characteristics / Geography / UC_centroids (JRC, DOI 10.2905/1a338be6-7eaf-480c-9664-3a8ade88cbcd)"
GC_UCC_LON_2025/GC_UCC_LAT_2025,Urban centre centroid coordinates,"metres (World Mollweide, ESRI:54009)",2025,geography,direct,C (reprojected to WGS84 degrees),YES,Stored in projected CRS despite field name; reprojected to EPSG:4326 in this execution.,"GHS-UCDB R2024A V1.2, theme GHSL / General Characteristics / Geography / UC_centroids (JRC, DOI 10.2905/1a338be6-7eaf-480c-9664-3a8ade88cbcd)"
GE_ELV_AVG_2025,Average elevation of urban centre,metres,2025,geography,direct,C component,YES,"Low-cost context variable, already in official table.","GHS-UCDB R2024A V1.2, theme GHSL / General Characteristics / Geography / UC_centroids (JRC, DOI 10.2905/1a338be6-7eaf-480c-9664-3a8ade88cbcd)"
GE_ECO_CLA_2025,WWF terrestrial ecoregion classification,categorical (555 classes),2025,geography,direct,"considered, not used",NO,Too fine-grained (555 classes) for a deliberately modest C; excluded from this execution's C.,"GHS-UCDB R2024A V1.2, theme GHSL / General Characteristics / Geography / UC_centroids (JRC, DOI 10.2905/1a338be6-7eaf-480c-9664-3a8ade88cbcd)"
GE_BIO_A01_2025 .. GE_BIO_A24_2025,24 bioclimatic variables (WorldClim/CHELSA-style),varies,2025,climate,derived (external climate product summarized to UC),"available, not used",NO,Available in official table but not used in this execution to keep C deliberately modest; noted for future Gate 2 work.,"GHS-UCDB R2024A V1.2, theme GHSL / General Characteristics / Geography / UC_centroids (JRC, DOI 10.2905/1a338be6-7eaf-480c-9664-3a8ade88cbcd)"
GC_DEV_WIG_2025/GC_DEV_USR_2025,World Bank income group / development classification,categorical,2025,socioeconomic,direct,"available, not used",NO,"Socioeconomic/development variable, out of scope for the coarse C authorized in this execution; relevant to risk G (development-level confounding) for future work.","GHS-UCDB R2024A V1.2, theme GHSL / General Characteristics / Geography / UC_centroids (JRC, DOI 10.2905/1a338be6-7eaf-480c-9664-3a8ade88cbcd)"
MT_BUS_TOT_1975 (MTUC product),Built-up surface within TIME-VARYING urban centre boundary,m2,1975,built_up_surface_mtuc,direct,boundary-sensitivity check,YES,"From separate GHS_UCDB_MTUC_GLOBE_R2024A product (ID_MTUC_G0 key, N=11687, not row-aligned with main table); used only for sensitivity, not primary analysis.","GHS-UCDB R2024A V1.2, theme GHSL / General Characteristics / Geography / UC_centroids (JRC, DOI 10.2905/1a338be6-7eaf-480c-9664-3a8ade88cbcd)"
MT_BUS_TOT_1980 (MTUC product),Built-up surface within TIME-VARYING urban centre boundary,m2,1980,built_up_surface_mtuc,direct,boundary-sensitivity check,YES,"From separate GHS_UCDB_MTUC_GLOBE_R2024A product (ID_MTUC_G0 key, N=11687, not row-aligned with main table); used only for sensitivity, not primary analysis.","GHS-UCDB R2024A V1.2, theme GHSL / General Characteristics / Geography / UC_centroids (JRC, DOI 10.2905/1a338be6-7eaf-480c-9664-3a8ade88cbcd)"
MT_BUS_TOT_1985 (MTUC product),Built-up surface within TIME-VARYING urban centre boundary,m2,1985,built_up_surface_mtuc,direct,boundary-sensitivity check,YES,"From separate GHS_UCDB_MTUC_GLOBE_R2024A product (ID_MTUC_G0 key, N=11687, not row-aligned with main table); used only for sensitivity, not primary analysis.","GHS-UCDB R2024A V1.2, theme GHSL / General Characteristics / Geography / UC_centroids (JRC, DOI 10.2905/1a338be6-7eaf-480c-9664-3a8ade88cbcd)"
MT_BUS_TOT_1990 (MTUC product),Built-up surface within TIME-VARYING urban centre boundary,m2,1990,built_up_surface_mtuc,direct,boundary-sensitivity check,YES,"From separate GHS_UCDB_MTUC_GLOBE_R2024A product (ID_MTUC_G0 key, N=11687, not row-aligned with main table); used only for sensitivity, not primary analysis.","GHS-UCDB R2024A V1.2, theme GHSL / General Characteristics / Geography / UC_centroids (JRC, DOI 10.2905/1a338be6-7eaf-480c-9664-3a8ade88cbcd)"
MT_BUS_TOT_1995 (MTUC product),Built-up surface within TIME-VARYING urban centre boundary,m2,1995,built_up_surface_mtuc,direct,boundary-sensitivity check,YES,"From separate GHS_UCDB_MTUC_GLOBE_R2024A product (ID_MTUC_G0 key, N=11687, not row-aligned with main table); used only for sensitivity, not primary analysis.","GHS-UCDB R2024A V1.2, theme GHSL / General Characteristics / Geography / UC_centroids (JRC, DOI 10.2905/1a338be6-7eaf-480c-9664-3a8ade88cbcd)"
MT_BUS_TOT_2000 (MTUC product),Built-up surface within TIME-VARYING urban centre boundary,m2,2000,built_up_surface_mtuc,direct,boundary-sensitivity check,YES,"From separate GHS_UCDB_MTUC_GLOBE_R2024A product (ID_MTUC_G0 key, N=11687, not row-aligned with main table); used only for sensitivity, not primary analysis.","GHS-UCDB R2024A V1.2, theme GHSL / General Characteristics / Geography / UC_centroids (JRC, DOI 10.2905/1a338be6-7eaf-480c-9664-3a8ade88cbcd)"
MT_BUS_TOT_2005 (MTUC product),Built-up surface within TIME-VARYING urban centre boundary,m2,2005,built_up_surface_mtuc,direct,boundary-sensitivity check,YES,"From separate GHS_UCDB_MTUC_GLOBE_R2024A product (ID_MTUC_G0 key, N=11687, not row-aligned with main table); used only for sensitivity, not primary analysis.","GHS-UCDB R2024A V1.2, theme GHSL / General Characteristics / Geography / UC_centroids (JRC, DOI 10.2905/1a338be6-7eaf-480c-9664-3a8ade88cbcd)"
MT_BUS_TOT_2010 (MTUC product),Built-up surface within TIME-VARYING urban centre boundary,m2,2010,built_up_surface_mtuc,direct,boundary-sensitivity check,YES,"From separate GHS_UCDB_MTUC_GLOBE_R2024A product (ID_MTUC_G0 key, N=11687, not row-aligned with main table); used only for sensitivity, not primary analysis.","GHS-UCDB R2024A V1.2, theme GHSL / General Characteristics / Geography / UC_centroids (JRC, DOI 10.2905/1a338be6-7eaf-480c-9664-3a8ade88cbcd)"
MT_BUS_TOT_2015 (MTUC product),Built-up surface within TIME-VARYING urban centre boundary,m2,2015,built_up_surface_mtuc,direct,boundary-sensitivity check,YES,"From separate GHS_UCDB_MTUC_GLOBE_R2024A product (ID_MTUC_G0 key, N=11687, not row-aligned with main table); used only for sensitivity, not primary analysis.","GHS-UCDB R2024A V1.2, theme GHSL / General Characteristics / Geography / UC_centroids (JRC, DOI 10.2905/1a338be6-7eaf-480c-9664-3a8ade88cbcd)"
MT_BUS_TOT_2020 (MTUC product),Built-up surface within TIME-VARYING urban centre boundary,m2,2020,built_up_surface_mtuc,direct,boundary-sensitivity check,YES,"From separate GHS_UCDB_MTUC_GLOBE_R2024A product (ID_MTUC_G0 key, N=11687, not row-aligned with main table); used only for sensitivity, not primary analysis.","GHS-UCDB R2024A V1.2, theme GHSL / General Characteristics / Geography / UC_centroids (JRC, DOI 10.2905/1a338be6-7eaf-480c-9664-3a8ade88cbcd)"
