id,candidate,physical_interpretation,urban_form_relation,climate_sensitivity,rural_reference_sensitivity,day_night_note,seasonal_dependence,averaging_effect,sensor_or_processing_confound,state_or_response,overlap_with_S,overcontrol_risk,plausibly_influenced_by_H,cross_climate_comparability,global_availability_in_verified_product,role,rationale
A,Annual-mean daytime SUHI,"Early-afternoon surface urban-rural LST contrast, dominated by evapotranspiration/albedo/vegetation contrast and solar loading",Moderate; mixes impervious fraction with the vegetation state of the rural reference,High: sign can flip in arid/semi-arid cities (bare rural soil hotter than city); sensitive to precipitation and aridity,High: irrigated/green vs dry rural background changes sign and magnitude,Daytime: clear-sky sampling bias and solar-geometry dependence,Strong; annual mean pools seasons with opposite sign in some climates,Annual averaging dilutes seasonal sign changes (monsoon/dry-season cities),"Low for climatology (fixed sensor mix), high for trend",Response (a surface-energy-balance outcome of the present urban state),"Moderate (impervious fraction, built volume)",Moderate if urban greenness is conditioned on,"Possible (materials, morphology, green-space legacy) but swamped by rural-reference moisture",Poor to moderate,Yes (YCEO v4 all_daytime_UHI band; Yang 2024 day),NOT_SELECTED,Climate/rural-reference confounding is the most severe of the family; kept only as descriptive context
B,Annual-mean nighttime SUHI,"Night-time surface urban-rural LST contrast, governed by stored heat release, sky-view/morphology, and anthropogenic heat; weak dependence on solar loading and on rural vegetation/moisture","Strong and comparatively direct (built-up fraction/volume, thermal mass)","Moderate: depends on humidity, wind, background temperature, seasonality; smaller aridity sign-flip than daytime",Moderate: nocturnal rural cooling depends on land cover but is less moisture-driven than daytime,"Night: no solar-geometry term, fewer retrieval artifacts from shadowing; MODIS night overpasses ~22:30 (Terra) / ~01:30 (Aqua) [INFERRED from sensor specs; exact product combination UNRESOLVED]",Moderate; annual mean is the most globally comparable aggregation (no hemisphere/tropical season definition needed),Annual averaging loses little physical signal for a night-time storage-driven quantity,Low for climatology,"Response (outcome of present urban state and surroundings), measured not modelled",Substantial (built density and volume strongly predict it) - this is the purpose of the M0 baseline,"Low-moderate: S3 includes built volume, a plausible mediator of H; handled by S1/S2/S3 gradient","Plausible via accumulated built form, materials and densification pattern beyond present totals",Best of the family (still needs C),Yes (YCEO v4 all_nighttime_UHI band expected; Yang 2024 night). Band/field names in the city-level file UNRESOLVED,PRIMARY,"Cleanest answer to 'does R carry H-information beyond S and C': least contaminated by rural-reference moisture/vegetation and by solar-geometry/cloud-sampling artifacts, annual aggregation avoids season-definition ambiguity across hemispheres/tropics, and it is the response where a present-form-plus-history story is most physical. Not chosen for strongest expected effect."
C,Warm-season (summer) daytime SUHI,"Peak-heat-stress daytime contrast, health-relevant",Moderate; again mixed with rural-reference vegetation state,"High (aridity, monsoon timing)",High (peak-season vegetation/irrigation contrast),Daytime artifacts as in A,'Summer' in YCEO is hemisphere-defined [winter months VERIFIED_SINGLE; summer months INFERRED]; tropical 'warm season' is ill-defined,"Fewer observations per mean -> noisier, more clear-sky bias",Low for climatology,Response,Moderate,Moderate,Possible,Poor-moderate,Yes (summer_daytime_UHI expected),SECONDARY,Most decision-relevant for heat exposure and an independent physical channel from B; used as the pre-registered alternate thermal outcome (falsification test 8). Not primary because of rural-reference and season-definition confounding
D,Warm-season (summer) nighttime SUHI,Night contrast in the warm season,Strong,Moderate,Moderate,Night,Hemisphere-defined season; tropical ambiguity,Noisier than B,Low,Response,Substantial,Low-moderate,Plausible,Moderate,Yes (summer_nighttime_UHI expected),DESCRIPTIVE_ONLY,"Largely redundant with B; reported descriptively, not as a pre-registered outcome (avoid multiplicity)"
E,Monthly / seasonal SUHI climatology (12-vector),Seasonal cycle of SUHI,Mixed,"Very high (phenology, monsoon)",High,Both,Is the seasonal structure,None (keeps signal) but 24 correlated outcomes,Low-moderate,Response,Moderate,Moderate,Unclear,Poor,Monthly cluster means listed for YCEO v4 (package size UNRESOLVED); Yang 2024 months 1-12 per GEE catalog,EXPLORATORY_ONLY,Multiplicity and climate-phenology confounding; useful only for post-hoc description after the primary test
F,Interannual SUHI variability (SD across years),Year-to-year fluctuation of SUHI,Weak,"High (weather variability, cloud sampling)",High,Both,n/a,Dominated by retrieval/sampling noise,"High (cloud sampling, sensor ageing, product reprocessing)",Response/noise,Low,Low,Implausible mechanism,Poor,Derivable only from yearly cluster means (package UNRESOLVED),REJECTED,Signal-to-noise too low and no mechanism linking developmental history to variability
G,Long-term SUHI trend (2003-2018),Rate of change of SUHI,Linked to recent expansion (a form of H itself),Moderate,High (rural greening/browning trends),Both,n/a,Fits 16 noisy annual points,"High (Terra/Aqua drift, reprocessing, changing land-cover maps in the reference)","Response, but algebraically entangled with recent H",Low,High (trend vs recent growth is near-tautological),"Yes, trivially (recent growth)",Poor,Derivable only from yearly cluster means (package UNRESOLVED),EXPLORATORY_CONTRAST,"Optional contrast outcome, exploratory and not confirmatory; expected positive association with recent expansion is partly definitional and must not be read as legacy"
H,Extreme-heat / upper-tail SUHI,Peak SUHI (e.g. multi-day extremes),Mixed,High,High,Daytime in the known product,Warm-season,Tail statistic,High (clear-sky sampling),Response,Moderate,Moderate,Possible,Poor,"NO verified city-level pre-aggregated product. Mentaschi et al. 2022 (extremes) is a 1 km daily gridded product, i.e. raster-scale",REJECTED,Only available as pixel-level daily rasters - violates the coarse-scale discipline
I,Raw urban LST (no rural contrast),Absolute surface temperature,Weak relative to climate,"Overwhelming (latitude, elevation, season)",n/a,Both,Dominant seasonal cycle,n/a,Moderate,Mostly climate state,Low,n/a,Negligible after C,Very poor,Not in the verified city-level products; would require MODIS raster processing (rejected),REJECTED_NEGATIVE_CONTROL_IN_PRINCIPLE,Would serve as a negative control (H should add nothing beyond C) but obtaining it requires pixel-level MODIS processing; not worth the scale violation
J,Urban-rural difference formulations (SUE vs DEA vs fixed buffer),The family of definitions behind A-E,n/a,Definition-dependent,IS the rural-reference choice,n/a,n/a,n/a,n/a,Measurement definition,n/a,n/a,n/a,Definition-dependent,SUE: YCEO v4. DEA: Yang 2024 (access path unresolved),SENSITIVITY_AXIS,"Cross-product agreement (SUE vs DEA) is the pre-registered alternate-rural-reference test (falsification test 9), conditional on a city-level DEA table being confirmed"
