source_id,name,citation_or_id,authority_class,method,spatial_unit,n_cities_claimed,temporal_coverage,temporal_resolution,day_night,response_variants,format_and_access,login_required,data_volume,rural_reference,crosswalk_keys,same_dataset_as,verification_summary,unresolved,scale_discipline_verdict,role
S1,YCEO Surface Urban Heat Islands v4 (SEDAC archive),"Chakraborty & Lee (2023), NASA SEDAC, DOI 10.7927/S5M5-ZK14 [VERIFIED_MULTI: Earthdata/GEE catalog snippets]; method paper Chakraborty & Lee 2019, Int. J. Appl. Earth Obs. Geoinf. 74:269-280",Official NASA EOSDIS/SEDAC archive of a peer-reviewed-method product (tier 1),Simplified Urban-Extent (SUE): MODIS 8-day Terra+Aqua LST; Landscan urban extents; GMTED2010 elevation; ESA CCI land cover [VERIFIED_MULTI],"Urban CLUSTERS (may merge several cities) from Landscan-derived fixed extents, not individual cities [VERIFIED_MULTI]; also 300 m pixel product","'over 10,000' urban clusters/extents in v4 [VERIFIED_MULTI]; earlier versions: ~9,500 (2019 paper) and 7,374 after filtering [VERIFIED_SINGLE] - v4 filtered N UNRESOLVED",2003-2018 [VERIFIED_MULTI]; ENDS BEFORE Gate-1 endpoint T=2020,"Averaged composite (2003-2018), yearly composites, monthly cluster-mean composites [VERIFIED_SINGLE for package list]",Daytime and nighttime [VERIFIED_MULTI],"Annual, summer, winter x day/night (cluster-mean 'all averaged'); band names such as All_daytime_UHI, Summer_nighttime_UHI are GeoTIFF band names [VERIFIED_SINGLE]; shapefile field names UNRESOLVED",SEDAC data-download page: GeoTIFF (pixel; winter-pixel zip 814 MB) and Shapefile 'UHI (urban cluster means)' 4.7 MB zip [VERIFIED_SINGLE]; also Earth Engine asset YALE/YCEO/UHI/UHI_all_averaged/v4 (+monthly/yearly) [VERIFIED_MULTI],Free NASA Earthdata login for SEDAC download [VERIFIED_SINGLE],City-level shapefile ~4.7 MB zip [VERIFIED_SINGLE]; sizes of monthly/yearly cluster packages UNRESOLVED; pixel GeoTIFFs hundreds of MB each (NOT needed),"Non-urban pixels (ESA CCI land cover, yearly) within the same fixed Landscan urban extent; no fixed buffer; filtered for urban/rural elevation difference and urban-area percentage [VERIFIED_MULTI]; exact thresholds UNRESOLVED. Known caveats: generalized reference, irrigation/agriculture/phenology influence, fixed extent cannot follow expansion [VERIFIED_MULTI]","Cluster-level shapefile presumably carries polygon geometry and a cluster identifier [INFERRED]; attribute fields, ID, name/country presence UNRESOLVED",DIFFERENT product from Yang et al. 2024 (S3). Same SUE lineage as the GEE collection YALE/YCEO/UHI (S2 = alternate access path to the same product),"Identity, DOI, method, temporal range, day/night/annual/summer/winter availability, archive and approximate city-level file size corroborated by multiple snippets. Landing/documentation pages NOT read directly (WebFetch blocked)",Shapefile field names; whether annual/summer/winter day/night means are in the 4.7 MB cluster file or a separate package; exact v4 cluster count; geometry type; cluster ID semantics; exact summer/tropical season definition; exact rural-pixel and elevation rules in v4; Terra/Aqua combination for night,"PASS (city-level, ~5 MB; no raster needed)",PRIMARY_CANDIDATE
S2,YCEO SUHI v4 via Google Earth Engine (YALE/YCEO/UHI/*_v4),Earth Engine Data Catalog; same DOI as S1,Official catalog entry of S1,As S1,As S1,As S1,2003-2018,all/monthly/yearly averaged; pixel yearly,Both,As S1,Earth Engine assets (requires GEE account and server-side export),GEE account,Server-side; export size unknown,As S1,Feature properties for urban cluster [VERIFIED_SINGLE: 'properties for the urban cluster']; names UNRESOLVED,Same product as S1,Catalog entries exist for five/six assets,Property schema; export route would be an API export of research data (human-only),PASS in principle,ALTERNATE_ACCESS_PATH_FOR_S1
S3,"Global Urban Heat Island Intensity Dataset (Yang, Xu, Chakraborty et al. 2024)","Yang Q., Xu Y., Chakraborty T.C., et al. (2024) Remote Sensing of Environment 312:114343, DOI 10.1016/j.rse.2024.114343; data DOI 10.6084/m9.figshare.24821538 [VERIFIED_MULTI]",Peer-reviewed publication with persistent DOI (tier 2); community-hosted data (not an institutional archive),"Dynamic equal-area (DEA): iterative buffering until background reference area equals the central urban area; 8 temperature sources; clear-sky surface, all-sky surface and canopy UHII [VERIFIED_MULTI]","City-centred; 10,196 cities in paper Fig. 1 [VERIFIED_SINGLE]; city definition/boundary source UNRESOLVED",">10,000; 10,196 [VERIFIED_MULTI]",'over 20 years'; 2003-2020 monthly [VERIFIED_SINGLE for 2003-2020]; end year relative to T=2020 needs confirmation,"Monthly (month 1-12), quarterly (21-24), annual (30); values x0.01 = degC [VERIFIED_SINGLE: GEE community catalog]",Day ('Day') and night ('Nig') [VERIFIED_SINGLE],"Clear-sky surface, all-sky surface, canopy; eight GEE collections AMOD2, MOD1, MOD2, MYD1, MYD2, SAT, SMOD2, SMYD1 [VERIFIED_SINGLE]",Figshare record = README + links to Baidu Cloud Drive and Google Drive; gridded 1 km UHII on Earth Engine community catalog (projects/sat-io/open-datasets/UHII/*) [VERIFIED_MULTI]. NO verified direct city-level table URL,Baidu / Google Drive access (no scriptable stable URL),UNRESOLVED (1 km grids over 20 years x variants may be large; city tables unknown),DEA background reference area equal in size to the urban area - theoretically better matched to urban size than SUE [VERIFIED_SINGLE for equal-area principle]; exact buffer/mask rules UNRESOLVED,Coordinates presumably per city [INFERRED from a third-party study that assigned climate zones from lat/lon]; IDs UNRESOLVED,DIFFERENT from YCEO v4 (S1/S2). Overlapping authors/lineage only,Dataset identity and DOI robustly verified; distribution route and file content NOT verified,Whether any city-level CSV/table exists; file names/sizes; ID and coordinate columns; exact end year; hosting persistence of Baidu/Google Drive links,UNRESOLVED (city table existence unknown; gridded route would violate scale discipline),ALTERNATE_REFERENCE_CANDIDATE (for rural-reference sensitivity)
S4,"Chakraborty & Lee 2019 original SUE dataset (Yale Global Surface UHI Explorer, earlier versions)",Int. J. Appl. Earth Obs. Geoinf. 74:269-280 (2019),Peer-reviewed; superseded by S1 (v4),SUE,Urban clusters,"~9,500 / 7,374 final [VERIFIED_SINGLE]",~15 years before 2017 [VERIFIED_SINGLE],Annual/monthly,Both,As S1 (older),Explorer app / GEE,n/a,n/a,"MODIS MCD12Q1 land cover (fixed), later ESA CCI (~20% lower mean UHI) [VERIFIED_SINGLE]",n/a,Predecessor of S1,Superseded,n/a,n/a,REJECTED_SUPERSEDED
S5,Mentaschi et al. 2022 global daily 1 km SUHI,"Global Environmental Change 72:102441, DOI 10.1016/j.gloenvcha.2021.102441 [VERIFIED_SINGLE]",Peer-reviewed,MODIS Aqua MYD11A1 v061 daytime LST vs GHSL built-up; extremes,"1 km pixels, daily",Global urban areas,2003-2020,Daily,Daytime only,"Warm-season median, 3-day extremes",Gridded; repository link UNRESOLVED,UNRESOLVED,Large (daily 1 km global),UNRESOLVED,Raster,Distinct,Study verified; repository not,"Repository, size",FAIL (daily 1 km rasters),REJECTED_SCALE
S6,Si et al. 2022 dynamic urban-extent global SUHI,ISPRS J. Photogramm. Remote Sens. 183:321-335 [VERIFIED_SINGLE],Peer-reviewed,Dynamic urban extent; MODIS,Urban clusters,UNRESOLVED,UNRESOLVED,UNRESOLVED,Both,UNRESOLVED,No data-availability statement found,UNRESOLVED,UNRESOLVED,Dynamic urban extent,UNRESOLVED,Distinct,Paper exists; no dataset located,Whether any data are released,UNRESOLVED,NOT_USABLE_NO_DATA_FOUND
S7,Peng et al. 2012 (419 global big cities),Environ. Sci. Technol. (title seen: 'Surface Urban Heat Island Across 419 Global Big Cities') [VERIFIED_SINGLE: title only],Peer-reviewed,"MODIS, buffer-based",Cities,419,UNRESOLVED,UNRESOLVED,UNRESOLVED,UNRESOLVED,UNRESOLVED,UNRESOLVED,Small,Buffer-based,UNRESOLVED,Distinct,Coverage far below global scale needed,n/a,PASS (small) but coverage inadequate,REJECTED_COVERAGE
S8,Raw MODIS LST (MOD11A2/MYD11A2) processed by this project,NASA LP DAAC,Official,Would require building SUHI from rasters,"1 km pixels, 8-day",n/a,2000/2002-present,8-day,Both,Any,Large HDF/GeoTIFF tiles,Earthdata,Hundreds of GB-TB globally,Project-defined (would add a new design degree of freedom),Raster,Underlies S1/S3,n/a,n/a,FAIL (violates global coarse-scale discipline),REJECTED_SCALE
S9,"'Global dataset on heat wave exposure due to the urban heat island effect' (Scientific Data, 2026)",Nature Sci Data article s41597-026-06877-1 [VERIFIED_SINGLE: title/summary only],Peer-reviewed data descriptor,Derived heat-wave exposure; LST from a dataset by Zhang et al. (per snippet),Urban settlements,UNRESOLVED,2003-2020 [VERIFIED_SINGLE],UNRESOLVED,UNRESOLVED,"Exposure metrics, not SUHI climatology",UNRESOLVED,UNRESOLVED,UNRESOLVED,UNRESOLVED,UNRESOLVED,Distinct,Noticed late; not audited in depth,Everything beyond title/summary,UNRESOLVED,NOT_AUDITED_IN_DEPTH_FUTURE_CANDIDATE
